,1,FEC ID,STATE,STATE ABBREVIATION,GENERAL ELECTION DATE,FIRST NAME,LAST NAME,"LAST NAME,  FIRST",TOTAL VOTES,PARTY,GENERAL RESULTS,TOTAL VOTES #,GENERAL %,WINNER INDICATOR
0,2.0,P80001571,Alabama,AL,11/8/16,Donald J.,Trump,"Trump, Donald J.",,REP,"1,318,255",,62.08%,W
1,3.0,P00003392,Alabama,AL,11/8/16,Hillary,Clinton,"Clinton, Hillary",,DEM,"729,547",,34.36%,
2,4.0,P20002671,Alabama,AL,11/8/16,Gary,Johnson,"Johnson, Gary",,IND,"44,467",,2.09%,
3,5.0,,Alabama,AL,11/8/16,,Scattered,"Scattered, ",,W,"21,712",,1.02%,
4,6.0,P20003984,Alabama,AL,11/8/16,Jill,Stein,"Stein, Jill",,IND,"9,391",,0.44%,
5,7.0,,Alabama,AL,11/8/16,,,,Total State Votes:,,,"2,123,372",,
6,8.0,,Alabama,AL,11/8/16,,,,,,,,,
7,9.0,P80001571,Alaska,AK,11/8/16,Donald J.,Trump,"Trump, Donald J.",,REP,"163,387",,51.28%,W
8,10.0,P00003392,Alaska,AK,11/8/16,Hillary,Clinton,"Clinton, Hillary",,DEM,"116,454",,36.55%,
9,11.0,P20002671,Alaska,AK,11/8/16,Gary,Johnson,"Johnson, Gary",,LIB,"18,725",,5.88%,
10,12.0,,Alaska,AK,11/8/16,,Scattered,Scattered,,W,"9,201",,2.89%,
11,13.0,P20003984,Alaska,AK,11/8/16,Jill,Stein,"Stein, Jill",,GRE,"5,735",,1.80%,
12,14.0,P60021102,Alaska,AK,11/8/16,Darrell L.,Castle,"Castle, Darrell L.",,CON,"3,866",,1.21%,
13,15.0,P60016342,Alaska,AK,11/8/16,Roque,De La Fuente,"De La Fuente, Roque",,NAF,"1,240",,0.39%,
14,16.0,,Alaska,AK,11/8/16,,,,Total State Votes:,,,"318,608",,
15,17.0,,Alaska,AK,11/8/16,,,,,,,,,
16,18.0,P80001571,Arizona,AZ,11/8/16,Donald J.,Trump,"Trump, Donald J.",,REP,"1,252,401",,48.67%,W
17,19.0,P00003392,Arizona,AZ,11/8/16,Hillary,Clinton,"Clinton, Hillary",,DEM,"1,161,167",,45.13%,
18,20.0,P20002671,Arizona,AZ,11/8/16,Gary,Johnson,"Johnson, Gary",,LIB,"106,327",,4.13%,
19,21.0,P20003984,Arizona,AZ,11/8/16,Jill,Stein,"Stein, Jill",,GRE,"34,345",,1.33%,
20,22.0,P60022654,Arizona,AZ,11/8/16,Evan,McMullin,"McMullin, Evan",,W,"17,449",,0.68%,
21,23.0,P60021102,Arizona,AZ,11/8/16,Darrell ,Castle,"Castle, Darrell ",,W,"1,058",,0.04%,
22,24.0,P20005260,Arizona,AZ,11/8/16,Tom ,Hoefling,"Hoefling, Tom ",,W,85,,0.00%,
23,25.0,P60016623,Arizona,AZ,11/8/16,Mike,Smith,"Smith, Mike",,W,62,,0.00%,
24,26.0,P60020757,Arizona,AZ,11/8/16,Robert L.,Buchanan,"Buchanan, Robert L.",,W,56,,0.00%,
25,27.0,P20004511,Arizona,AZ,11/8/16,Laurence,Kotlikoff,"Kotlikoff, Laurence",,W,52,,0.00%,
26,28.0,P80000268,Arizona,AZ,11/8/16,Willie Felix,Carter,"Carter, Willie Felix",,DEM,42,,0.00%,
27,29.0,P60016342,Arizona,AZ,11/8/16,"""Rocky"" Roque",De La Fuente,"De La Fuente, ""Rocky"" Roque",,W,29,,0.00%,
28,30.0,P60023322,Arizona,AZ,11/8/16,Mitchell,In-Albon,"In-Albon, Mitchell",,W,24,,0.00%,
29,31.0,P60018249,Arizona,AZ,11/8/16,Joseph,Maldonado,"Maldonado, Joseph",,W,20,,0.00%,
30,32.0,P60005303,Arizona,AZ,11/8/16,Cherunda,Fox,"Fox, Cherunda",,W,14,,0.00%,
31,33.0,P20002630,Arizona,AZ,11/8/16,"Sheila ""Samm""",Tittle,"Tittle, Sheila ""Samm""",,W,12,,0.00%,
32,34.0,,Arizona,AZ,11/8/16,Ben,Hartnell,"Hartnell, Ben",,W,11,,0.00%,
33,35.0,,Arizona,AZ,11/8/16,Marshall,Schoenke,"Schoenke, Marshall",,W,4,,0.00%,
34,36.0,P60021631,Arizona,AZ,11/8/16,Delano,Steinacker,"Steinacker, Delano",,W,4,,0.00%,
35,37.0,,Arizona,AZ,11/8/16,Michael,Corsetti,"Corsetti, Michael",,W,3,,0.00%,
36,38.0,,Arizona,AZ,11/8/16,,,,Total State Votes:,,,"2,573,165",,
37,39.0,,Arizona,AZ,11/8/16,,,,,,,,,
38,40.0,P80001571,Arkansas,AR,11/8/16,Donald J.,Trump,"Trump, Donald J.",,REP,"684,872",,60.57%,W
39,41.0,P00003392,Arkansas,AR,11/8/16,Hillary,Clinton,"Clinton, Hillary",,DEM,"380,494",,33.65%,
40,42.0,P20002671,Arkansas,AR,11/8/16,Gary,Johnson,"Johnson, Gary",,LIB,"29,949",,2.65%,
41,43.0,P60022654,Arkansas,AR,11/8/16,Evan ,McMullin,"McMullin, Evan ",,BFA,"13,176",,1.17%,
42,44.0,P20003984,Arkansas,AR,11/8/16,Jill,Stein,"Stein, Jill",,GRE,"9,473",,0.84%,
43,45.0,P60017340,Arkansas,AR,11/8/16,Jim,Hedges,"Hedges, Jim",,IND,"4,709",,0.42%,
44,46.0,P60021102,Arkansas,AR,11/8/16,Darrell L.,Castle,"Castle, Darrell L.",,CON,"4,613",,0.41%,
45,47.0,P60005808,Arkansas,AR,11/8/16,Lynn S.,Kahn,"Kahn, Lynn S.",,IND,"3,390",,0.30%,
46,48.0,,Arkansas,AR,11/8/16,,,,Total State Votes:,,,"1,130,676",,
47,49.0,,Arkansas,AR,11/8/16,,,,,,,,,
48,50.0,P00003392,California,CA,11/8/16,Hillary,Clinton,"Clinton, Hillary",,DEM,"8,753,792",,61.73%,W
49,51.0,P80001571,California,CA,11/8/16,Donald J.,Trump,"Trump, Donald J.",,REP/AIP,"4,483,814",,31.62%,
50,52.0,P20002671,California,CA,11/8/16,Gary,Johnson,"Johnson, Gary",,LIB,"478,500",,3.37%,
51,53.0,P20003984,California,CA,11/8/16,Jill,Stein,"Stein, Jill",,GRE,"278,658",,1.96%,
52,54.0,P60007168,California,CA,11/8/16,"Bernard ""Bernie""",Sanders,"Sanders, Bernard ""Bernie""",,W,"79,341",,0.56%,
53,55.0,P80005572,California,CA,11/8/16,Gloria Estela,La Riva,"La Riva, Gloria Estela",,PAF,"66,101",,0.47%,
54,56.0,P60022654,California,CA,11/8/16,Evan ,McMullin,"McMullin, Evan ",,W,"39,596",,0.28%,
55,57.0,P60022787,California,CA,11/8/16,Mike,Maturen,"Maturen, Mike",,W,"1,316",,0.01%,
56,58.0,P20004511,California,CA,11/8/16,Laurence,Kotlikoff,"Kotlikoff, Laurence",,W,402,,0.00%,
57,59.0,P20004677,California,CA,11/8/16,Jerry,White,"White, Jerry",,W,84,,0.00%,
58,60.0,,California,CA,11/8/16,,,,Total State Votes:,,,"14,181,604",,
59,61.0,,California,CA,11/8/16,,,,,,,,,
60,62.0,P00003392,Colorado,CO,11/8/16,Hillary,Clinton,"Clinton, Hillary",,DEM,"1,338,870",,48.16%,W
61,63.0,P80001571,Colorado,CO,11/8/16,Donald J.,Trump,"Trump, Donald J.",,REP,"1,202,484",,43.25%,
62,64.0,P20002671,Colorado,CO,11/8/16,Gary,Johnson,"Johnson, Gary",,LIB,"144,121",,5.18%,
63,65.0,P20003984,Colorado,CO,11/8/16,Jill,Stein,"Stein, Jill",,GRE,"38,437",,1.38%,
64,66.0,P60022654,Colorado,CO,11/8/16,Evan,McMullin,"McMullin, Evan",,UN,"28,917",,1.04%,
65,67.0,P60021102,Colorado,CO,11/8/16,Darrell L.,Castle,"Castle, Darrell L.",,AMC,"11,699",,0.42%,
66,68.0,P60009917,Colorado,CO,11/8/16,Chris,Keniston,"Keniston, Chris",,VPA,"5,028",,0.18%,
67,69.0,P60016623,Colorado,CO,11/8/16,Mike,Smith,"Smith, Mike",,UN,"1,819",,0.07%,
68,70.0,P60016342,Colorado,CO,11/8/16,"""Rocky"" Roque",De La Fuente,"De La Fuente, ""Rocky"" Roque",,W,"1,255",,0.05%,
69,71.0,P60015419,Colorado,CO,11/8/16,Kyle Kenley,Kopitke,"Kopitke, Kyle Kenley",,IAP,"1,096",,0.04%,
70,72.0,P60018249,Colorado,CO,11/8/16,Joseph Allen,Maldonado,"Maldonado, Joseph Allen",,IPC,872,,0.03%,
71,73.0,P60022787,Colorado,CO,11/8/16,Michael A.,Maturen,"Maturen, Michael A.",,ASP,862,,0.03%,
72,74.0,P60017035,Colorado,CO,11/8/16,Rod,Silva,"Silva, Rod",,NTP,751,,0.03%,
73,75.0,,Colorado,CO,11/8/16,Ryan Alan,Scott,"Scott, Ryan Alan",,UN,749,,0.03%,
74,76.0,P20005260,Colorado,CO,11/8/16,Tom ,Hoefling,"Hoefling, Tom ",,AMP,710,,0.03%,
75,77.0,P80005572,Colorado,CO,11/8/16,Gloria Estela,La Riva,"La Riva, Gloria Estela",,SLP,531,,0.02%,
76,78.0,P80005473,Colorado,CO,11/8/16,Alyson,Kennedy,"Kennedy, Alyson",,SWP,452,,0.02%,
77,79.0,P20004511,Colorado,CO,11/8/16,Laurence,Kotlikoff,"Kotlikoff, Laurence",,KFP,392,,0.01%,
78,80.0,P60023504,Colorado,CO,11/8/16,Bradford,Lyttle,"Lyttle, Bradford",,NRP,382,,0.01%,
79,81.0,P60023496,Colorado,CO,11/8/16,Frank,Atwood,"Atwood, Frank",,APV,337,,0.01%,
80,82.0,P60018017,Colorado,CO,11/8/16,Emidio,Soltysik,"Soltysik, Emidio",,SOC,271,,0.01%,
81,83.0,P60017340,Colorado,CO,11/8/16,James,Hedges,"Hedges, James",,P,185,,0.01%,
82,84.0,,Colorado,CO,11/8/16,David,Perry,"Perry, David",,W,11,,0.00%,
83,85.0,,Colorado,CO,11/8/16,Corey,Sterner,"Sterner, Corey",,W,6,,0.00%,
84,86.0,P60020617,Colorado,CO,11/8/16,Brian Anthony,Perry,"Perry, Brian Anthony",,W,4,,0.00%,
85,87.0,,Colorado,CO,11/8/16,Bruce,Lohmiller,"Lohmiller, Bruce",,W,3,,0.00%,
86,88.0,P60005303,Colorado,CO,11/8/16,Cherunda,Fox,"Fox, Cherunda",,W,2,,0.00%,
87,89.0,,Colorado,CO,11/8/16,Thomas J.,Nieman,"Nieman, Thomas J.",,W,1,,0.00%,
88,90.0,,Colorado,CO,11/8/16,,,,Total State Votes:,,,"2,780,247",,
89,91.0,,Colorado,CO,11/8/16,,,,,,,,,
90,92.0,P00003392,Connecticut,CT,11/8/16,Hillary,Clinton,"Clinton, Hillary",,DEM,"897,572",,54.57%,W
91,93.0,P80001571,Connecticut,CT,11/8/16,Donald J.,Trump,"Trump, Donald J.",,REP,"673,215",,40.93%,
92,94.0,P20002671,Connecticut,CT,11/8/16,Gary,Johnson,"Johnson, Gary",,LIB,"48,676",,2.96%,
93,95.0,P20003984,Connecticut,CT,11/8/16,Jill,Stein,"Stein, Jill",,GRE,"22,841",,1.39%,
94,96.0,P60022654,Connecticut,CT,11/8/16,Evan ,McMullin,"McMullin, Evan ",,W,"2,108",,0.13%,
95,97.0,P60021102,Connecticut,CT,11/8/16,Darrell L.,Castle,"Castle, Darrell L.",,W,147,,0.01%,
96,98.0,,Connecticut,CT,11/8/16,Jeffrey A.,Cooper,"Cooper, Jeffrey A.",,W,57,,0.00%,
97,99.0,,Connecticut,CT,11/8/16,Ronald,Evans,"Evans, Ronald",,W,44,,0.00%,
98,100.0,P60015351,Connecticut,CT,11/8/16,Andrew D. ,Basiago,"Basiago, Andrew D. ",,W,42,,0.00%,
99,101.0,P80005572,Connecticut,CT,11/8/16,Gloria,La Riva,"La Riva, Gloria",,W,41,,0.00%,
100,102.0,P20005260,Connecticut,CT,11/8/16,Tom ,Hoefling,"Hoefling, Tom ",,W,31,,0.00%,
101,103.0,P20004511,Connecticut,CT,11/8/16,Laurence,Kotlikoff,"Kotlikoff, Laurence",,W,23,,0.00%,
102,104.0,P60020757,Connecticut,CT,11/8/16,Robert L.,Buchanan,"Buchanan, Robert L.",,W,19,,0.00%,
103,105.0,,Connecticut,CT,11/8/16,Jeffrey Anthony,Wu,"Wu, Jeffrey Anthony",,W,18,,0.00%,
104,106.0,,Connecticut,CT,11/8/16,Marshall,Schoenke,"Schoenke, Marshall",,W,15,,0.00%,
105,107.0,P60006673,Connecticut,CT,11/8/16,Kevin,Deame,"Deame, Kevin",,W,13,,0.00%,
106,108.0,,Connecticut,CT,11/8/16,Paul E.,Blumenthal,"Blumenthal, Paul E.",,W,12,,0.00%,
107,109.0,P60016342,Connecticut,CT,11/8/16,"""Rocky"" Roque",De La Fuente,"De La Fuente, ""Rocky"" Roque",,W,12,,0.00%,
108,110.0,P60016623,Connecticut,CT,11/8/16,Mike,Smith,"Smith, Mike",,W,12,,0.00%,
109,111.0,,Connecticut,CT,11/8/16,"Jeffrey John, Jr.",Klojzy,"Klojzy, Jeffrey John, Jr.",,W,6,,0.00%,
110,112.0,,Connecticut,CT,11/8/16,Darryl,Cummings,"Cummings, Darryl",,W,5,,0.00%,
111,113.0,P60018249,Connecticut,CT,11/8/16,Joseph,Maldonado,"Maldonado, Joseph",,W,4,,0.00%,
112,114.0,P60012960,Connecticut,CT,11/8/16,Peter,Skewes,"Skewes, Peter",,W,4,,0.00%,
113,115.0,P60005303,Connecticut,CT,11/8/16,Cherunda,Fox,"Fox, Cherunda",,W,3,,0.00%,
114,116.0,,Connecticut,CT,11/8/16,,,,Total State Votes:,,,"1,644,920",,
115,117.0,,Connecticut,CT,11/8/16,,,,,,,,,
116,118.0,P00003392,Delaware,DE,11/8/16,Hillary,Clinton,"Clinton, Hillary",,DEM,"235,603",,53.09%,W
117,119.0,P80001571,Delaware,DE,11/8/16,Donald J.,Trump,"Trump, Donald J.",,REP,"185,127",,41.71%,
118,120.0,P20002671,Delaware,DE,11/8/16,Gary,Johnson,"Johnson, Gary",,LIB,"14,757",,3.33%,
119,121.0,P20003984,Delaware,DE,11/8/16,Jill,Stein,"Stein, Jill",,GRE,"6,103",,1.38%,
120,122.0,,Delaware,DE,11/8/16,,Other,Other,,W,"1,407",,0.32%,
121,123.0,P60022654,Delaware,DE,11/8/16,Evan,McMullin,"McMullin, Evan",,W,706,,0.16%,
122,124.0,P60021102,Delaware,DE,11/8/16,Darrell L.,Castle,"Castle, Darrell L.",,W,74,,0.02%,
123,125.0,P20005260,Delaware,DE,11/8/16,Thomas Conrad,Hoefling,"Hoefling, Thomas Conrad",,W,7,,0.00%,
124,126.0,P60020757,Delaware,DE,11/8/16,Robert L.,Buchanan,"Buchanan, Robert L.",,W,4,,0.00%,
125,127.0,P60016342,Delaware,DE,11/8/16,"""Rocky"" Roque",De La Fuente,"De La Fuente, ""Rocky"" Roque",,W,3,,0.00%,
126,128.0,,Delaware,DE,11/8/16,Benjamin,Hartnell,"Hartnell, Benjamin",,W,3,,0.00%,
127,129.0,P80005572,Delaware,DE,11/8/16,Gloria,LaRiva,"LaRiva, Gloria",,W,3,,0.00%,
128,130.0,,Delaware,DE,11/8/16,David,Limbaugh,"Limbaugh, David",,W,3,,0.00%,
129,131.0,P60016623,Delaware,DE,11/8/16,Mike,Smith,"Smith, Mike",,W,3,,0.00%,
130,132.0,,Delaware,DE,11/8/16,Ryan Alan,Scott,"Scott, Ryan Alan",,W,2,,0.00%,
131,133.0,P20004677,Delaware,DE,11/8/16,Jerry,White,"White, Jerry",,W,2,,0.00%,
132,134.0,,Delaware,DE,11/8/16,Richard,Duncan,"Duncan, Richard",,W,1,,0.00%,
133,135.0,P60005808,Delaware,DE,11/8/16,Lynn,Kahn,"Kahn, Lynn",,W,1,,0.00%,
134,136.0,P80004989,Delaware,DE,11/8/16,Star,Locke,"Locke, Star",,W,1,,0.00%,
135,137.0,P60018249,Delaware,DE,11/8/16,Joseph A.,Maldonado,"Maldonado, Joseph A.",,W,1,,0.00%,
136,138.0,P60004868,Delaware,DE,11/8/16,Darryl W.,Perry,"Perry, Darryl W.",,W,1,,0.00%,
137,139.0,P60020963,Delaware,DE,11/8/16,Ajay,Sood,"Sood, Ajay",,W,1,,0.00%,
138,140.0,,Delaware,DE,11/8/16,Matthew Water,Stout,"Stout, Matthew Water",,W,1,,0.00%,
139,141.0,,Delaware,DE,11/8/16,,,,Total State Votes:,,,"443,814",,
140,142.0,,Delaware,DE,11/8/16,,,,,,,,,
141,143.0,P00003392,District of Columbia,DC,11/8/16,Hillary,Clinton,"Clinton, Hillary",,DEM,"282,830",,90.86%,W
142,144.0,P80001571,District of Columbia,DC,11/8/16,Donald J.,Trump,"Trump, Donald J.",,REP,"12,723",,4.09%,
143,145.0,,District of Columbia,DC,11/8/16,,Scattered,Scattered,,W,"6,551",,2.10%,
144,146.0,P20002671,District of Columbia,DC,11/8/16,Gary,Johnson,"Johnson, Gary",,LIB,"4,906",,1.58%,
145,147.0,P20003984,District of Columbia,DC,11/8/16,Jill,Stein,"Stein, Jill",,STG,"4,258",,1.37%,
146,148.0,,District of Columbia,DC,11/8/16,,,,Total State Votes:,,,"311,268",,
147,149.0,,District of Columbia,DC,11/8/16,,,,,,,,,
148,150.0,P80001571,Florida,FL,11/8/16,Donald J.,Trump,"Trump, Donald J.",,REP,"4,617,886",,49.02%,W
149,151.0,P00003392,Florida,FL,11/8/16,Hillary,Clinton,"Clinton, Hillary",,DEM,"4,504,975",,47.82%,
150,152.0,P20002671,Florida,FL,11/8/16,Gary,Johnson,"Johnson, Gary",,LBF,"207,043",,2.20%,
151,153.0,P20003984,Florida,FL,11/8/16,Jill,Stein,"Stein, Jill",,GPF,"64,399",,0.68%,
152,154.0,P60021102,Florida,FL,11/8/16,Darrell L.,Castle,"Castle, Darrell L.",,CPF,"16,475",,0.17%,
153,155.0,P60016342,Florida,FL,11/8/16,Roque (Rocky),De La Fuente,"De La Fuente, Roque (Rocky)",,RPF,"9,108",,0.10%,
154,156.0,P20004511,Florida,FL,11/8/16,Laurence J.,Kotlikoff,"Kotlikoff, Laurence J.",,W,74,,0.00%,
155,157.0,,Florida,FL,11/8/16,Richard,Duncan,"Duncan, Richard",,W,25,,0.00%,
156,158.0,P60015351,Florida,FL,11/8/16,Andrew D.,Basiago,"Basiago, Andrew D.",,W,24,,0.00%,
157,159.0,P60008190,Florida,FL,11/8/16,Zoltan Istvan,Gyurko,"Gyurko, Zoltan Istvan",,W,19,,0.00%,
158,160.0,,Florida,FL,11/8/16,"Anthony ""Tony"" Joseph",Valdivia,"Valdivia, Anthony ""Tony"" Joseph",,W,9,,0.00%,
159,161.0,P60005303,Florida,FL,11/8/16,Cherunda,Fox,"Fox, Cherunda",,W,2,,0.00%,
160,162.0,,Florida,FL,11/8/16,,,,Total State Votes:,,,"9,420,039",,
161,163.0,,Florida,FL,11/8/16,,,,,,,,,
162,164.0,P80001571,Georgia,GA,11/8/16,Donald J.,Trump,"Trump, Donald J.",,REP,"2,089,104",,50.77%,W
163,165.0,P00003392,Georgia,GA,11/8/16,Hillary,Clinton,"Clinton, Hillary",,DEM,"1,877,963",,45.64%,
164,166.0,P20002671,Georgia,GA,11/8/16,Gary,Johnson,"Johnson, Gary",,LIB,"125,306",,3.05%,
165,167.0,P60022654,Georgia,GA,11/8/16,Evan,McMullin,"McMullin, Evan",,W,"13,017",,0.32%,
166,168.0,P20003984,Georgia,GA,11/8/16,Jill,Stein,"Stein, Jill",,W,"7,674",,0.19%,
167,169.0,P60021102,Georgia,GA,11/8/16,Darrell,Castle,"Castle, Darrell",,W,"1,110",,0.03%,
168,170.0,P60022787,Georgia,GA,11/8/16,Mike,Maturen,"Maturen, Mike",,W,151,,0.00%,
169,171.0,P60005303,Georgia,GA,11/8/16,Cherunda,Fox,"Fox, Cherunda",,W,78,,0.00%,
170,172.0,P20005260,Georgia,GA,11/8/16,Thomas,Hoefling,"Hoefling, Thomas",,W,70,,0.00%,
171,173.0,P60016623,Georgia,GA,11/8/16,Michael L.,Smith,"Smith, Michael L.",,W,53,,0.00%,
172,174.0,P20004511,Georgia,GA,11/8/16,Laurence,Kotlikoff,"Kotlikoff, Laurence",,W,34,,0.00%,
173,175.0,,Georgia,GA,11/8/16,Sandra,Wilson,"Wilson, Sandra",,W,32,,0.00%,
174,176.0,P60020757,Georgia,GA,11/8/16,Robert,Buchanan,"Buchanan, Robert",,W,31,,0.00%,
175,177.0,,Georgia,GA,11/8/16,Ricky,Muhammad,"Muhammad, Ricky",,W,30,,0.00%,
176,178.0,P60023207,Georgia,GA,11/8/16,Scott,Cubbler,"Cubbler, Scott",,W,24,,0.00%,
177,179.0,,Georgia,GA,11/8/16,Loren,Collins,"Collins, Loren",,W,22,,0.00%,
178,180.0,P80003643,Georgia,GA,11/8/16,Claire Elisabeth,Elliott,"Elliott, Claire Elisabeth",,W,15,,0.00%,
179,181.0,,Georgia,GA,11/8/16,David C.,Byrne,"Byrne, David C.",,W,8,,0.00%,
180,182.0,,Georgia,GA,11/8/16,Stephen L.,Allen,"Allen, Stephen L.",,W,5,,0.00%,
181,183.0,,Georgia,GA,11/8/16,Marc,Urbach,"Urbach, Marc",,W,5,,0.00%,
182,184.0,,Georgia,GA,11/8/16,,,,Total State Votes:,,,"4,114,732",,
183,185.0,,Georgia,GA,11/8/16,,,,,,,,,
184,186.0,P00003392,Hawaii,HI,11/8/16,Hillary,Clinton,"Clinton, Hillary",,DEM,"266,891",,62.22%,W
185,187.0,P80001571,Hawaii,HI,11/8/16,Donald J.,Trump,"Trump, Donald J.",,REP,"128,847",,30.04%,
186,188.0,P20002671,Hawaii,HI,11/8/16,Gary,Johnson,"Johnson, Gary",,LIB,"15,954",,3.72%,
187,189.0,P20003984,Hawaii,HI,11/8/16,Jill,Stein,"Stein, Jill",,GRE,"12,737",,2.97%,
188,190.0,P60021102,Hawaii,HI,11/8/16,Darrell L.,Castle,"Castle, Darrell L.",,CON,"4,508",,1.05%,
189,191.0,,Hawaii,HI,11/8/16,,,,Total State Votes:,,,"428,937",,
190,192.0,,Hawaii,HI,11/8/16,,,,,,,,,
191,193.0,P80001571,Idaho,ID,11/8/16,Donald J.,Trump,"Trump, Donald J.",,REP,"409,055",,59.26%,W
192,194.0,P00003392,Idaho,ID,11/8/16,Hillary Rodham,Clinton,"Clinton, Hillary Rodham",,DEM,"189,765",,27.49%,
193,195.0,P60022654,Idaho,ID,11/8/16,Evan,McMullin,"McMullin, Evan",,IND,"46,476",,6.73%,
194,196.0,P20002671,Idaho,ID,11/8/16,Gary,Johnson,"Johnson, Gary",,LIB,"28,331",,4.10%,
195,197.0,P20003984,Idaho,ID,11/8/16,Jill,Stein,"Stein, Jill",,IND,"8,496",,1.23%,
196,198.0,P60021102,Idaho,ID,11/8/16,Darrell L.,Castle,"Castle, Darrell L.",,IND,"4,403",,0.64%,
197,199.0,P60007457,Idaho,ID,11/8/16,Scott,Copeland,"Copeland, Scott",,CON,"2,356",,0.34%,
198,200.0,P60016342,Idaho,ID,11/8/16,Rocky,De La Fuente,"De La Fuente, Rocky",,IND,"1,373",,0.20%,
199,201.0,,Idaho,ID,11/8/16,,,,Total State Votes:,,,"690,255",,
200,202.0,,Idaho,ID,11/8/16,,,,,,,,,
201,203.0,P00003392,Illinois,IL,11/8/16,Hillary Rodham,Clinton,"Clinton, Hillary Rodham",,DEM,"3,090,729",,55.83%,W
202,204.0,P80001571,Illinois,IL,11/8/16,Donald J.,Trump,"Trump, Donald J.",,REP,"2,146,015",,38.76%,
203,205.0,P20002671,Illinois,IL,11/8/16,Gary,Johnson,"Johnson, Gary",,LIB,"209,596",,3.79%,
204,206.0,P20003984,Illinois,IL,11/8/16,Jill,Stein,"Stein, Jill",,GRE,"76,802",,1.39%,
205,207.0,P60022654,Illinois,IL,11/8/16,Evan,McMullin,"McMullin, Evan",,W,"11,655",,0.21%,
206,208.0,P60021102,Illinois,IL,11/8/16,Darrell,Castle,"Castle, Darrell",,W,"1,138",,0.02%,
207,209.0,P20005260,Illinois,IL,11/8/16,Tom ,Hoefling,"Hoefling, Tom ",,W,175,,0.00%,
208,210.0,P20004511,Illinois,IL,11/8/16,Laurence,Kotlikoff,"Kotlikoff, Laurence",,W,82,,0.00%,
209,211.0,,Illinois,IL,11/8/16,James,Anderson,"Anderson, James",,W,61,,0.00%,
210,212.0,,Illinois,IL,11/8/16,Phillip,Seeberg,"Seeberg, Phillip",,W,27,,0.00%,
211,213.0,,Illinois,IL,11/8/16,Marshall Roy,Schoenke,"Schoenke, Marshall Roy",,W,25,,0.00%,
212,214.0,,Illinois,IL,11/8/16,Kevin,McKee,"McKee, Kevin",,W,24,,0.00%,
213,215.0,P60018249,Illinois,IL,11/8/16,Joseph A. ,Maldonado,"Maldonado, Joseph A. ",,W,20,,0.00%,
214,216.0,P60023686,Illinois,IL,11/8/16,Joann,Breivogel,"Breivogel, Joann",,W,12,,0.00%,
215,217.0,P60019114,Illinois,IL,11/8/16,Laio,Morris,"Morris, Laio",,W,10,,0.00%,
216,218.0,,Illinois,IL,11/8/16,David G.,Stack,"Stack, David G.",,W,10,,0.00%,
217,219.0,,Illinois,IL,11/8/16,Matthew ,Roberts,"Roberts, Matthew ",,W,8,,0.00%,
218,220.0,,Illinois,IL,11/8/16,Jonathan ,Lee,"Lee, Jonathan ",,W,7,,0.00%,
219,221.0,,Illinois,IL,11/8/16,Ben,Hartnell,"Hartnell, Ben",,W,6,,0.00%,
220,222.0,,Illinois,IL,11/8/16,Author C.,Brumfield,"Brumfield, Author C.",,W,5,,0.00%,
221,223.0,,Illinois,IL,11/8/16,Duff Cooper,Smith,"Smith, Duff Cooper",,W,4,,0.00%,
222,224.0,P60005303,Illinois,IL,11/8/16,Cherunda,Fox,"Fox, Cherunda",,W,3,,0.00%,
223,225.0,,Illinois,IL,11/8/16,Timothy B.,Meluch,"Meluch, Timothy B.",,W,3,,0.00%,
224,226.0,,Illinois,IL,11/8/16,Roy Wayne,Tyree,"Tyree, Roy Wayne",,W,3,,0.00%,
225,227.0,,Illinois,IL,11/8/16,Mark J.,Harper,"Harper, Mark J.",,W,1,,0.00%,
226,228.0,,Illinois,IL,11/8/16,Nathan,Johnson,"Johnson, Nathan",,W,1,,0.00%,
227,229.0,,Illinois,IL,11/8/16,James T.,Struck,"Struck, James T.",,W,1,,0.00%,
228,230.0,P60020484,Illinois,IL,11/8/16,Dem J.,Wysinger,"Wysinger, Dem J.",,W,1,,0.00%,
229,231.0,,Illinois,IL,11/8/16,,,,Total State Votes:,,,"5,536,424",,
230,232.0,,Illinois,IL,11/8/16,,,,,,,,,
231,233.0,P80001571,Indiana,IN,11/8/16,Donald J.,Trump,"Trump, Donald J.",,REP,"1,557,286",,56.94%,W
232,234.0,P00003392,Indiana,IN,11/8/16,Hillary,Clinton,"Clinton, Hillary",,DEM,"1,033,126",,37.77%,
233,235.0,P20002671,Indiana,IN,11/8/16,Gary,Johnson,"Johnson, Gary",,LIB,"133,993",,4.90%,
234,236.0,P20003984,Indiana,IN,11/8/16,Jill,Stein,"Stein, Jill",,W,"7,841",,0.29%,
235,237.0,P60021102,Indiana,IN,11/8/16,Darrell L.,Castle,"Castle, Darrell L.",,W,"1,937",,0.07%,
236,238.0,P20005260,Indiana,IN,11/8/16,Tom ,Hoefling,"Hoefling, Tom ",,W,269,,0.01%,
237,239.0,,Indiana,IN,11/8/16,Matthew ,Roberts,"Roberts, Matthew ",,W,148,,0.01%,
238,240.0,,Indiana,IN,11/8/16,Denny Carroll,Jackson,"Jackson, Denny Carroll",,W,121,,0.00%,
239,241.0,P60018017,Indiana,IN,11/8/16,Emidio,Soltysik,"Soltysik, Emidio",,W,57,,0.00%,
240,242.0,P20004511,Indiana,IN,11/8/16,Laurence,Kotlikoff,"Kotlikoff, Laurence",,W,49,,0.00%,
241,243.0,,Indiana,IN,11/8/16,Melissa L.,Kelly,"Kelly, Melissa L.",,W,44,,0.00%,
242,244.0,,Indiana,IN,11/8/16,Richard,Duncan,"Duncan, Richard",,W,25,,0.00%,
243,245.0,,Indiana,IN,11/8/16,Richard G.,Mullis,"Mullis, Richard G.",,W,22,,0.00%,
244,246.0,P60016342,Indiana,IN,11/8/16,Roque,De La Fuente,"De La Fuente, Roque",,W,21,,0.00%,
245,247.0,,Indiana,IN,11/8/16,Ray C.,Brown,"Brown, Ray C.",,IND,11,,0.00%,
246,248.0,P60018249,Indiana,IN,11/8/16,Joseph,Maldonado,"Maldonado, Joseph",,W,7,,0.00%,
247,249.0,P60005303,Indiana,IN,11/8/16,Cherunda,Fox,"Fox, Cherunda",,W,1,,0.00%,
248,250.0,,Indiana,IN,11/8/16,,,,Total State Votes:,,,"2,734,958",,
249,251.0,,Indiana,IN,11/8/16,,,,,,,,,
250,252.0,P80001571,Iowa,IA,11/8/16,Donald J.,Trump,"Trump, Donald J.",,REP,"800,983",,51.15%,W
251,253.0,P00003392,Iowa,IA,11/8/16,Hillary,Clinton,"Clinton, Hillary",,DEM,"653,669",,41.74%,
252,254.0,P20002671,Iowa,IA,11/8/16,Gary,Johnson,"Johnson, Gary",,LIB,"59,186",,3.78%,
253,255.0,,Iowa,IA,11/8/16,,Scattered,Scattered,,W,"17,746",,1.13%,
254,256.0,P60022654,Iowa,IA,11/8/16,Evan,McMullin,"McMullin, Evan",,NP,"12,366",,0.79%,
255,257.0,P20003984,Iowa,IA,11/8/16,Jill,Stein,"Stein, Jill",,IG,"11,479",,0.73%,
256,258.0,P60021102,Iowa,IA,11/8/16,Darrell L.,Castle,"Castle, Darrell L.",,CON,"5,335",,0.34%,
257,259.0,P60005808,Iowa,IA,11/8/16,Lynn ,Kahn,"Kahn, Lynn ",,NPI,"2,247",,0.14%,
258,260.0,,Iowa,IA,11/8/16,Dan R. ,Vacek,"Vacek, Dan R. ",,LMN,"2,246",,0.14%,
259,261.0,P60016342,Iowa,IA,11/8/16,Rocky Roque,De La Fuente,"De La Fuente, Rocky Roque",,NP,451,,0.03%,
260,262.0,P80005572,Iowa,IA,11/8/16,Gloria,La Riva,"La Riva, Gloria",,PSL,323,,0.02%,
261,263.0,,Iowa,IA,11/8/16,,,,Total State Votes:,,,"1,566,031",,
262,264.0,,Iowa,IA,11/8/16,,,,,,,,,
263,265.0,P80001571,Kansas,KS,11/8/16,Donald J.,Trump,"Trump, Donald J.",,REP,"671,018",,56.65%,W
264,266.0,P00003392,Kansas,KS,11/8/16,Hillary Rodham,Clinton,"Clinton, Hillary Rodham",,DEM,"427,005",,36.05%,
265,267.0,P20002671,Kansas,KS,11/8/16,Gary,Johnson,"Johnson, Gary",,LIB,"55,406",,4.68%,
266,268.0,P20003984,Kansas,KS,11/8/16,Jill,Stein,"Stein, Jill",,IND,"23,506",,1.98%,
267,269.0,P60022654,Kansas,KS,11/8/16,Evan ,McMullin,"McMullin, Evan ",,W,"6,520",,0.55%,
268,270.0,P60021102,Kansas,KS,11/8/16,Darrell L.,Castle,"Castle, Darrell L.",,W,646,,0.05%,
269,271.0,P60022787,Kansas,KS,11/8/16,Michael A.,Maturen,"Maturen, Michael A.",,W,214,,0.02%,
270,272.0,P20005260,Kansas,KS,11/8/16,Tom ,Hoefling,"Hoefling, Tom ",,W,45,,0.00%,
271,273.0,P60020963,Kansas,KS,11/8/16,Ajay,Sood,"Sood, Ajay",,W,10,,0.00%,
272,274.0,P80005572,Kansas,KS,11/8/16,Gloria,La Riva,"La Riva, Gloria",,W,7,,0.00%,
273,275.0,P60015351,Kansas,KS,11/8/16,Andrew D.,Basiago,"Basiago, Andrew D.",,W,6,,0.00%,
274,276.0,P60016623,Kansas,KS,11/8/16,Mike,Smith,"Smith, Mike",,W,6,,0.00%,
275,277.0,P60016342,Kansas,KS,11/8/16,"""Rocky"" Roque",De La Fuente,"De La Fuente, ""Rocky"" Roque",,W,3,,0.00%,
276,278.0,P60017340,Kansas,KS,11/8/16,James A.,Hedges,"Hedges, James A.",,W,3,,0.00%,
277,279.0,P00003962,Kansas,KS,11/8/16,Joe C.,Schriner,"Schriner, Joe C.",,W,3,,0.00%,
278,280.0,P60005808,Kansas,KS,11/8/16,Lynn,Kahn,"Kahn, Lynn",,W,2,,0.00%,
279,281.0,P60004868,Kansas,KS,11/8/16,Darryl,Perry,"Perry, Darryl",,W,1,,0.00%,
280,282.0,P60007929,Kansas,KS,11/8/16,Shawna,Sterling,"Sterling, Shawna",,W,1,,0.00%,
281,283.0,,Kansas,KS,11/8/16,,,,Total State Votes:,,,"1,184,402",,
282,284.0,,Kansas,KS,11/8/16,,,,,,,,,
283,285.0,P80001571,Kentucky,KY,11/8/16,Donald J.,Trump,"Trump, Donald J.",,REP,"1,202,971",,62.52%,W
284,286.0,P00003392,Kentucky,KY,11/8/16,Hillary Rodham,Clinton,"Clinton, Hillary Rodham",,DEM,"628,854",,32.68%,
285,287.0,P20002671,Kentucky,KY,11/8/16,Gary,Johnson,"Johnson, Gary",,LIB,"53,752",,2.79%,
286,288.0,P60022654,Kentucky,KY,11/8/16,Evan,McMullin,"McMullin, Evan",,IND,"22,780",,1.18%,
287,289.0,P20003984,Kentucky,KY,11/8/16,Jill,Stein,"Stein, Jill",,GRE,"13,913",,0.72%,
288,290.0,P60016342,Kentucky,KY,11/8/16,Rocky Roque,De La Fuente,"De La Fuente, Rocky Roque",,ADP,"1,128",,0.06%,
289,291.0,P60021102,Kentucky,KY,11/8/16,Darrell L.,Castle,"Castle, Darrell L.",,W,438,,0.02%,
290,292.0,P60022787,Kentucky,KY,11/8/16,Michael A.,Maturen,"Maturen, Michael A.",,W,155,,0.01%,
291,293.0,P20005260,Kentucky,KY,11/8/16,Tom ,Hoefling,"Hoefling, Tom ",,W,39,,0.00%,
292,294.0,P60009917,Kentucky,KY,11/8/16,Chris,Keniston,"Keniston, Chris",,W,22,,0.00%,
293,295.0,,Kentucky,KY,11/8/16,Denny Carroll,Jackson,"Jackson, Denny Carroll",,W,18,,0.00%,
294,296.0,,Kentucky,KY,11/8/16,Craig,Ellis,"Ellis, Craig",,W,14,,0.00%,
295,297.0,,Kentucky,KY,11/8/16,Timothy Allen,Stevens,"Stevens, Timothy Allen",,W,12,,0.00%,
296,298.0,P60016623,Kentucky,KY,11/8/16,Mike,Smith,"Smith, Mike",,W,9,,0.00%,
297,299.0,P20004511,Kentucky,KY,11/8/16,Laurence,Kotlikoff,"Kotlikoff, Laurence",,W,8,,0.00%,
298,300.0,P60023207,Kentucky,KY,11/8/16,Scott,Cubbler,"Cubbler, Scott",,W,6,,0.00%,
299,301.0,,Kentucky,KY,11/8/16,"Richard Turner, Jr.",Luesing,"Luesing, Richard Turner, Jr.",,W,6,,0.00%,
300,302.0,,Kentucky,KY,11/8/16,Ben,Hartnell,"Hartnell, Ben",,W,5,,0.00%,
301,303.0,,Kentucky,KY,11/8/16,David,Perry,"Perry, David",,W,4,,0.00%,
302,304.0,P20004677,Kentucky,KY,11/8/16,Jerry,White,"White, Jerry",,W,4,,0.00%,
303,305.0,P60016904,Kentucky,KY,11/8/16,Santa Roy A.,Clark,"Clark, Santa Roy A.",,W,2,,0.00%,
304,306.0,,Kentucky,KY,11/8/16,Richard,Duncan,"Duncan, Richard",,W,2,,0.00%,
305,307.0,P60018249,Kentucky,KY,11/8/16,Joseph,Maldonado,"Maldonado, Joseph",,W,2,,0.00%,
306,308.0,,Kentucky,KY,11/8/16,Marshall,Schoenke,"Schoenke, Marshall",,W,2,,0.00%,
307,309.0,P60005303,Kentucky,KY,11/8/16,Cherunda,Fox,"Fox, Cherunda",,W,1,,0.00%,
308,310.0,,Kentucky,KY,11/8/16,William Martin,Ling,"Ling, William Martin",,W,1,,0.00%,
309,311.0,P20002630,Kentucky,KY,11/8/16,"Sheila ""Samm""",Tittle,"Tittle, Sheila ""Samm""",,W,1,,0.00%,
310,312.0,,Kentucky,KY,11/8/16,,,,Total State Votes:,,,"1,924,149",,
311,313.0,,Kentucky,KY,11/8/16,,,,,,,,,
312,314.0,P80001571,Louisiana,LA,11/8/16,Donald,Trump,"Trump, Donald",,REP,"1,178,638",,58.09%,W
313,315.0,P00003392,Louisiana,LA,11/8/16,Hillary,Clinton,"Clinton, Hillary",,DEM,"780,154",,38.45%,
314,316.0,P20002671,Louisiana,LA,11/8/16,Gary,Johnson,"Johnson, Gary",,LIB,"37,978",,1.87%,
315,317.0,P20003984,Louisiana,LA,11/8/16,Jill,Stein,"Stein, Jill",,GRE,"14,031",,0.69%,
316,318.0,P60022654,Louisiana,LA,11/8/16,Evan,McMullin,"McMullin, Evan",,CCS,"8,547",,0.42%,
317,319.0,P60021102,Louisiana,LA,11/8/16,Darrell,Castle,"Castle, Darrell",,CON,"3,129",,0.15%,
318,320.0,P60009917,Louisiana,LA,11/8/16,Chris ,Keniston,"Keniston, Chris ",,VP,"1,881",,0.09%,
319,321.0,P20005260,Louisiana,LA,11/8/16,Tom ,Hoefling,"Hoefling, Tom ",,LFC,"1,581",,0.08%,
320,322.0,P20004511,Louisiana,LA,11/8/16,Laurence,Kotlikoff,"Kotlikoff, Laurence",,IOC,"1,048",,0.05%,
321,323.0,P20004768,Louisiana,LA,11/8/16,Princess,Jacob,"Jacob, Princess",,LTC,749,,0.04%,
322,324.0,P80005473,Louisiana,LA,11/8/16,Alyson,Kennedy,"Kennedy, Alyson",,SWP,480,,0.02%,
323,325.0,P80005572,Louisiana,LA,11/8/16,Gloria,La Riva,"La Riva, Gloria",,SLP,446,,0.02%,
324,326.0,P20004677,Louisiana,LA,11/8/16,Jerry,White,"White, Jerry",,SEA,370,,0.02%,
325,327.0,,Louisiana,LA,11/8/16,,,,Total State Votes:,,,"2,029,032",,
326,328.0,,Louisiana,LA,11/8/16,,,,,,,,,
327,329.0,P00003392,Maine,ME,11/8/16,Hillary R.,Clinton,"Clinton, Hillary R.",,DEM,"357,735",,47.83%,W
328,330.0,P80001571,Maine,ME,11/8/16,Donald J.,Trump,"Trump, Donald J.",,REP,"335,593",,44.87%,
329,331.0,P20002671,Maine,ME,11/8/16,Gary,Johnson,"Johnson, Gary",,LIB,"38,105",,5.09%,
330,332.0,P20003984,Maine,ME,11/8/16,Jill,Stein,"Stein, Jill",,GI,"14,251",,1.91%,
331,333.0,P60022654,Maine,ME,11/8/16,David Evan,McMullin,"McMullin, David Evan",,W,"1,887",,0.25%,
332,334.0,P60021102,Maine,ME,11/8/16,Darrell L.,Castle,"Castle, Darrell L.",,W,333,,0.04%,
333,335.0,P20004511,Maine,ME,11/8/16,Laurence J.,Kotlikoff,"Kotlikoff, Laurence J.",,W,16,,0.00%,
334,336.0,P60005303,Maine,ME,11/8/16,Cherunda L.,Fox,"Fox, Cherunda L.",,W,7,,0.00%,
335,337.0,,Maine,ME,11/8/16,,,,Total State Votes:,,,"747,927",,
336,338.0,,Maine,ME,11/8/16,,,,,,,,,
337,339.0,P00003392,Maryland,MD,11/8/16,Hillary,Clinton,"Clinton, Hillary",,DEM,"1,677,928",,60.33%,W
338,340.0,P80001571,Maryland,MD,11/8/16,Donald J.,Trump,"Trump, Donald J.",,REP,"943,169",,33.91%,
339,341.0,P20002671,Maryland,MD,11/8/16,Gary,Johnson,"Johnson, Gary",,LIB,"79,605",,2.86%,
340,342.0,P20003984,Maryland,MD,11/8/16,Jill,Stein,"Stein, Jill",,GRE,"35,945",,1.29%,
341,343.0,,Maryland,MD,11/8/16,,Other,Other,,W,"33,263",,1.20%,
342,344.0,P60022654,Maryland,MD,11/8/16,Evan,McMullin,"McMullin, Evan",,W,"9,630",,0.35%,
343,345.0,P60021102,Maryland,MD,11/8/16,Darrell L.,Castle,"Castle, Darrell L.",,W,566,,0.02%,
344,346.0,P60022787,Maryland,MD,11/8/16,Michael A.,Maturen,"Maturen, Michael A.",,W,504,,0.02%,
345,347.0,P60018975,Maryland,MD,11/8/16,Stephen,McCarthy,"McCarthy, Stephen",,W,97,,0.00%,
346,348.0,P20004511,Maryland,MD,11/8/16,Laurence,Kotlikoff,"Kotlikoff, Laurence",,W,73,,0.00%,
347,349.0,P60016888,Maryland,MD,11/8/16,Paij,Boring,"Boring, Paij",,W,53,,0.00%,
348,350.0,,Maryland,MD,11/8/16,Janet L.,Reid,"Reid, Janet L.",,W,53,,0.00%,
349,351.0,,Maryland,MD,11/8/16,Martin,Carlisle,"Carlisle, Martin",,W,51,,0.00%,
350,352.0,P80005572,Maryland,MD,11/8/16,Gloria,La Riva,"La Riva, Gloria",,W,48,,0.00%,
351,353.0,P60019304,Maryland,MD,11/8/16,Paul,Adams,"Adams, Paul",,W,44,,0.00%,
352,354.0,P20005260,Maryland,MD,11/8/16,Tom,Hoefling,"Hoefling, Tom",,W,42,,0.00%,
353,355.0,,Maryland,MD,11/8/16,Jacqueline,Gates,"Gates, Jacqueline",,W,36,,0.00%,
354,356.0,P60020757,Maryland,MD,11/8/16,Robert,Buchanan,"Buchanan, Robert",,W,25,,0.00%,
355,357.0,,Maryland,MD,11/8/16,Ben,Hartnell,"Hartnell, Ben",,W,24,,0.00%,
356,358.0,P60023686,Maryland,MD,11/8/16,Joann,Breivogel,"Breivogel, Joann",,W,20,,0.00%,
357,359.0,,Maryland,MD,11/8/16,Richard,Duncan,"Duncan, Richard",,W,18,,0.00%,
358,360.0,P60005808,Maryland,MD,11/8/16,Lynn,Kahn,"Kahn, Lynn",,W,18,,0.00%,
359,361.0,P60015013,Maryland,MD,11/8/16,Cathy Johnson,Pendleton,"Pendleton, Cathy Johnson",,W,17,,0.00%,
360,362.0,P60019940,Maryland,MD,11/8/16,Mary E.,Thomas,"Thomas, Mary E.",,W,16,,0.00%,
361,363.0,,Maryland,MD,11/8/16,Dana E.,Brown,"Brown, Dana E.",,W,15,,0.00%,
362,364.0,P60016342,Maryland,MD,11/8/16,"Roque ""Rocky""",De La Fuente,"De La Fuente, Roque ""Rocky""",,W,14,,0.00%,
363,365.0,P60016623,Maryland,MD,11/8/16,"Michael L. ""Mike""",Smith,"Smith, Michael L. ""Mike""",,W,13,,0.00%,
364,366.0,,Maryland,MD,11/8/16,Sistah,Soldjah,"Soldjah, Sistah",,W,13,,0.00%,
365,367.0,P60018249,Maryland,MD,11/8/16,Joseph A.,Maldonado,"Maldonado, Joseph A.",,W,12,,0.00%,
366,368.0,,Maryland,MD,11/8/16,Coop,Smith,"Smith, Coop",,W,11,,0.00%,
367,369.0,,Maryland,MD,11/8/16,Anthony Tony J.,Valdivia,"Valdivia, Anthony Tony J.",,W,11,,0.00%,
368,370.0,P20004677,Maryland,MD,11/8/16,Jerry,White,"White, Jerry",,W,11,,0.00%,
369,371.0,P80004989,Maryland,MD,11/8/16,Star,Locke,"Locke, Star",,W,10,,0.00%,
370,372.0,,Maryland,MD,11/8/16,Maurice,Symonette,"Symonette, Maurice",,W,10,,0.00%,
371,373.0,P60005303,Maryland,MD,11/8/16,Cherunda,Fox,"Fox, Cherunda",,W,9,,0.00%,
372,374.0,P00003962,Maryland,MD,11/8/16,Joe,Schriner,"Schriner, Joe",,W,9,,0.00%,
373,375.0,P60005550,Maryland,MD,11/8/16,Shelia,Bolar,"Bolar, Shelia",,W,7,,0.00%,
374,376.0,P60005899,Maryland,MD,11/8/16,"William E., Jr.",Bowhall,"Bowhall, William E., Jr.",,W,7,,0.00%,
375,377.0,P60022043,Maryland,MD,11/8/16,Michael B.,Puskar,"Puskar, Michael B.",,W,7,,0.00%,
376,378.0,P60021243,Maryland,MD,11/8/16,Ameer,Flippin,"Flippin, Ameer",,W,6,,0.00%,
377,379.0,P60018017,Maryland,MD,11/8/16,Emidio,Soltysik,"Soltysik, Emidio",,W,6,,0.00%,
378,380.0,,Maryland,MD,11/8/16,Michael David,Boyles,"Boyles, Michael David",,W,5,,0.00%,
379,381.0,P60017340,Maryland,MD,11/8/16,James,Hedges,"Hedges, James",,W,5,,0.00%,
380,382.0,P20005187,Maryland,MD,11/8/16,"Theodis, Sr.",Brown,"Brown, Theodis, Sr.",,W,4,,0.00%,
381,383.0,P60008299,Maryland,MD,11/8/16,"Gerald, II",Jennings,"Jennings, Gerald, II",,W,4,,0.00%,
382,384.0,,Maryland,MD,11/8/16,Marshall,Schoenke,"Schoenke, Marshall",,W,3,,0.00%,
383,385.0,P60007689,Maryland,MD,11/8/16,Mohammed,Keita,"Keita, Mohammed",,W,2,,0.00%,
384,386.0,,Maryland,MD,11/8/16,J. J.,Vogel-Walcutt,"Vogel-Walcutt, J. J.",,W,2,,0.00%,
385,387.0,,Maryland,MD,11/8/16,Richard Baxter,Edgell,"Edgell, Richard Baxter",,W,1,,0.00%,
386,388.0,,Maryland,MD,11/8/16,Doug,Terry,"Terry, Doug",,W,1,,0.00%,
387,389.0,P60023611,Maryland,MD,11/8/16,Kora Roberta Katz,Vakil,"Vakil, Kora Roberta Katz",,W,1,,0.00%,
388,390.0,,Maryland,MD,11/8/16,Mitchell,Williams,"Williams, Mitchell",,W,1,,0.00%,
389,391.0,P60020484,Maryland,MD,11/8/16,Demetra Jefferson,Wysinger,"Wysinger, Demetra Jefferson",,W,1,,0.00%,
390,392.0,,Maryland,MD,11/8/16,,,,Total State Votes:,,,"2,781,446",,
391,393.0,,Maryland,MD,11/8/16,,,,,,,,,
392,394.0,P00003392,Massachusetts,MA,11/8/16,Hillary,Clinton,"Clinton, Hillary",,DEM,"1,995,196",,60.01%,W
393,395.0,P80001571,Massachusetts,MA,11/8/16,Donald J.,Trump,"Trump, Donald J.",,REP,"1,090,893",,32.81%,
394,396.0,P20002671,Massachusetts,MA,11/8/16,Gary,Johnson,"Johnson, Gary",,LIB,"138,018",,4.15%,
395,397.0,,Massachusetts,MA,11/8/16,,All Others,All Others,,W,"50,488",,1.52%,
396,398.0,P20003984,Massachusetts,MA,11/8/16,Jill,Stein,"Stein, Jill",,GR,"47,661",,1.43%,
397,399.0,P60022654,Massachusetts,MA,11/8/16,David,McMullin,"McMullin, David",,W,"2,719",,0.08%,
398,400.0,,Massachusetts,MA,11/8/16,William,Feegbeh,"Feegbeh, William",,W,28,,0.00%,
399,401.0,P20004511,Massachusetts,MA,11/8/16,Laurence,Kotlikoff,"Kotlikoff, Laurence",,W,28,,0.00%,
400,402.0,P60004405,Massachusetts,MA,11/8/16,Monica G.,Moorehead,"Moorehead, Monica G.",,W,15,,0.00%,
401,403.0,,Massachusetts,MA,11/8/16,,,,Total State Votes:,,,"3,325,046",,
402,404.0,,Massachusetts,MA,11/8/16,,,,,,,,,
403,405.0,P80001571,Michigan,MI,11/8/16,Donald J.,Trump,"Trump, Donald J.",,REP,"2,279,543",,47.50%,W
404,406.0,P00003392,Michigan,MI,11/8/16,Hillary,Clinton,"Clinton, Hillary",,DEM,"2,268,839",,47.27%,
405,407.0,P20002671,Michigan,MI,11/8/16,Gary,Johnson,"Johnson, Gary",,LIB,"172,136",,3.59%,
406,408.0,P20003984,Michigan,MI,11/8/16,Jill,Stein,"Stein, Jill",,GRE,"51,463",,1.07%,
407,409.0,P60021102,Michigan,MI,11/8/16,Darrell L.,Castle,"Castle, Darrell L.",,UST,"16,139",,0.34%,
408,410.0,P60022654,Michigan,MI,11/8/16,Evan,McMullin,"McMullin, Evan",,W,"8,177",,0.17%,
409,411.0,P60018017,Michigan,MI,11/8/16,Emidio Mimi,Soltysik,"Soltysik, Emidio Mimi",,NLP,"2,209",,0.05%,
410,412.0,P60022787,Michigan,MI,11/8/16,Michael A.,Maturen,"Maturen, Michael A.",,W,517,,0.01%,
411,413.0,P20005260,Michigan,MI,11/8/16,Tom ,Hoefling,"Hoefling, Tom ",,W,95,,0.00%,
412,414.0,P20004511,Michigan,MI,11/8/16,Laurence,Kotlikoff,"Kotlikoff, Laurence",,W,87,,0.00%,
413,415.0,,Michigan,MI,11/8/16,Ben ,Hartnell,"Hartnell, Ben ",,W,39,,0.00%,
414,416.0,P60004405,Michigan,MI,11/8/16,Monica,Moorehead,"Moorehead, Monica",,W,30,,0.00%,
415,417.0,P60005303,Michigan,MI,11/8/16,Cherunda,Fox,"Fox, Cherunda",,W,10,,0.00%,
416,418.0,,Michigan,MI,11/8/16,,,,Total State Votes:,,,"4,799,284",,
417,419.0,,Michigan,MI,11/8/16,,,,,,,,,
418,420.0,P00003392,Minnesota,MN,11/8/16,Hillary,Clinton,"Clinton, Hillary",,DFL,"1,367,716",,46.44%,W
419,421.0,P80001571,Minnesota,MN,11/8/16,Donald J.,Trump,"Trump, Donald J.",,REP,"1,322,951",,44.92%,
420,422.0,P20002671,Minnesota,MN,11/8/16,Gary,Johnson,"Johnson, Gary",,LIB,"112,972",,3.84%,
421,423.0,P60022654,Minnesota,MN,11/8/16,Evan,McMullin,"McMullin, Evan",,IDP,"53,076",,1.80%,
422,424.0,P20003984,Minnesota,MN,11/8/16,Jill,Stein,"Stein, Jill",,GRE,"36,985",,1.26%,
423,425.0,,Minnesota,MN,11/8/16,,Scattered,Scattered,,W,"26,714",,0.91%,
424,426.0,,Minnesota,MN,11/8/16,Dan R. ,Vacek,"Vacek, Dan R. ",,LMN,"11,291",,0.38%,
425,427.0,P60021102,Minnesota,MN,11/8/16,Darrell,Castle,"Castle, Darrell",,CON,"9,456",,0.32%,
426,428.0,P80005473,Minnesota,MN,11/8/16,Alyson,Kennedy,"Kennedy, Alyson",,SWP,"1,672",,0.06%,
427,429.0,P60016342,Minnesota,MN,11/8/16,"""Rocky"" Roque",De La Fuente,"De La Fuente, ""Rocky"" Roque",,ADP,"1,431",,0.05%,
428,430.0,P60022787,Minnesota,MN,11/8/16,Michael Andrew,Maturen,"Maturen, Michael Andrew",,W,244,,0.01%,
429,431.0,,Minnesota,MN,11/8/16,"Jeffrey Ryan, Sr.",Wharton,"Wharton, Jeffrey Ryan, Sr.",,W,53,,0.00%,
430,432.0,,Minnesota,MN,11/8/16,Henry,Bartlett,"Bartlett, Henry",,W,41,,0.00%,
431,433.0,P60009917,Minnesota,MN,11/8/16,Chris,Keniston,"Keniston, Chris",,W,31,,0.00%,
432,434.0,,Minnesota,MN,11/8/16,Daniel,Muffoletto,"Muffoletto, Daniel",,W,29,,0.00%,
433,435.0,P20005260,Minnesota,MN,11/8/16,Tom,Hoefling,"Hoefling, Tom",,W,28,,0.00%,
434,436.0,,Minnesota,MN,11/8/16,Dennis Andrew,Ball,"Ball, Dennis Andrew",,W,24,,0.00%,
435,437.0,P20004511,Minnesota,MN,11/8/16,Laurence,Kotlikoff,"Kotlikoff, Laurence",,W,17,,0.00%,
436,438.0,P60017852,Minnesota,MN,11/8/16,Clifton,Roberts,"Roberts, Clifton",,W,15,,0.00%,
437,439.0,P60018017,Minnesota,MN,11/8/16,Emidio,Soltysik,"Soltysik, Emidio",,W,15,,0.00%,
438,440.0,P80005572,Minnesota,MN,11/8/16,Gloria,La Riva,"La Riva, Gloria",,W,12,,0.00%,
439,441.0,P20004677,Minnesota,MN,11/8/16,Jerome S. (Jerry),White,"White, Jerome S. (Jerry)",,W,10,,0.00%,
440,442.0,P00003962,Minnesota,MN,11/8/16,Joe,Schriner,"Schriner, Joe",,W,4,,0.00%,
441,443.0,,Minnesota,MN,11/8/16,Arthur E.,Sidner,"Sidner, Arthur E.",,W,4,,0.00%,
442,444.0,,Minnesota,MN,11/8/16,Kirk,Wettschreck,"Wettschreck, Kirk",,W,4,,0.00%,
443,445.0,P60016623,Minnesota,MN,11/8/16,"Michael L. ""Mike""",Smith,"Smith, Michael L. ""Mike""",,W,3,,0.00%,
444,446.0,,Minnesota,MN,11/8/16,Ben,Hartnell,"Hartnell, Ben",,W,2,,0.00%,
445,447.0,,Minnesota,MN,11/8/16,Roger,Koplitz,"Koplitz, Roger",,W,2,,0.00%,
446,448.0,,Minnesota,MN,11/8/16,Srinivasa K.,Mallapadi,"Mallapadi, Srinivasa K.",,W,2,,0.00%,
447,449.0,,Minnesota,MN,11/8/16,Micah,Payeur,"Payeur, Micah",,W,2,,0.00%,
448,450.0,,Minnesota,MN,11/8/16,Richard,Duncan,"Duncan, Richard",,W,1,,0.00%,
449,451.0,,Minnesota,MN,11/8/16,Eric,Gerhard,"Gerhard, Eric",,W,1,,0.00%,
450,452.0,,Minnesota,MN,11/8/16,Darin,Lynch,"Lynch, Darin",,W,1,,0.00%,
451,453.0,,Minnesota,MN,11/8/16,Matthew,Roberts,"Roberts, Matthew",,W,1,,0.00%,
452,454.0,,Minnesota,MN,11/8/16,Platt,Robertson,"Robertson, Platt",,W,1,,0.00%,
453,455.0,,Minnesota,MN,11/8/16,Derrick,Schumacher,"Schumacher, Derrick",,W,1,,0.00%,
454,456.0,,Minnesota,MN,11/8/16,Keith Richard,Snell,"Snell, Keith Richard",,W,1,,0.00%,
455,457.0,,Minnesota,MN,11/8/16,,,,Total State Votes:,,,"2,944,813",,
456,458.0,,Minnesota,MN,11/8/16,,,,,,,,,
457,459.0,P80001571,Mississippi,MS,11/8/16,Donald J.,Trump,"Trump, Donald J.",,REP,"700,714",,57.94%,W
458,460.0,P00003392,Mississippi,MS,11/8/16,Hillary,Clinton,"Clinton, Hillary",,DEM,"485,131",,40.11%,
459,461.0,P20002671,Mississippi,MS,11/8/16,Gary,Johnson,"Johnson, Gary",,LIB,"14,435",,1.19%,
460,462.0,P60021102,Mississippi,MS,11/8/16,Darrell,Castle,"Castle, Darrell",,CON,"3,987",,0.33%,
461,463.0,P20003984,Mississippi,MS,11/8/16,Jill,Stein,"Stein, Jill",,GRE,"3,731",,0.31%,
462,464.0,P60017340,Mississippi,MS,11/8/16,Jim,Hedges,"Hedges, Jim",,P,715,,0.06%,
463,465.0,P60016342,Mississippi,MS,11/8/16,"""Rocky"" Roque",De La Fuente,"De La Fuente, ""Rocky"" Roque",,ADP,644,,0.05%,
464,466.0,,Mississippi,MS,11/8/16,,,,Total State Votes:,,,"1,209,357",,
465,467.0,,Mississippi,MS,11/8/16,,,,,,,,,
466,468.0,P80001571,Missouri,MO,11/8/16,Donald J.,Trump,"Trump, Donald J.",,REP,"1,594,511",,56.77%,W
467,469.0,P00003392,Missouri,MO,11/8/16,Hillary Rodham,Clinton,"Clinton, Hillary Rodham",,DEM,"1,071,068",,38.14%,
468,470.0,P20002671,Missouri,MO,11/8/16,Gary,Johnson,"Johnson, Gary",,LIB,"97,359",,3.47%,
469,471.0,P20003984,Missouri,MO,11/8/16,Jill ,Stein,"Stein, Jill ",,GRE,"25,419",,0.91%,
470,472.0,P60021102,Missouri,MO,11/8/16,Darrell L.,Castle,"Castle, Darrell L.",,CON,"13,092",,0.47%,
471,473.0,P60022654,Missouri,MO,11/8/16,Evan,McMullin,"McMullin, Evan",,W,"7,071",,0.25%,
472,474.0,P20005260,Missouri,MO,11/8/16,Tom ,Hoefling,"Hoefling, Tom ",,W,48,,0.00%,
473,475.0,P20004511,Missouri,MO,11/8/16,Laurence,Kotlikoff,"Kotlikoff, Laurence",,W,28,,0.00%,
474,476.0,P60016342,Missouri,MO,11/8/16,"""Rocky"" Roque",De La Fuente,"De La Fuente, ""Rocky"" Roque",,W,6,,0.00%,
475,477.0,,Missouri,MO,11/8/16,Marshall,Schoenke,"Schoenke, Marshall",,W,3,,0.00%,
476,478.0,,Missouri,MO,11/8/16,,,,Total State Votes:,,,"2,808,605",,
477,479.0,,Missouri,MO,11/8/16,,,,,,,,,
478,480.0,P80001571,Montana,MT,11/8/16,Donald J.,Trump,"Trump, Donald J.",,REP,"279,240",,56.17%,W
479,481.0,P00003392,Montana,MT,11/8/16,Hillary,Clinton,"Clinton, Hillary",,DEM,"177,709",,35.75%,
480,482.0,P20002671,Montana,MT,11/8/16,Gary,Johnson,"Johnson, Gary",,LIB,"28,037",,5.64%,
481,483.0,P20003984,Montana,MT,11/8/16,Jill,Stein,"Stein, Jill",,GRE,"7,970",,1.60%,
482,484.0,P60022654,Montana,MT,11/8/16,Evan,McMullin,"McMullin, Evan",,W,"2,297",,0.46%,
483,485.0,P60016342,Montana,MT,11/8/16,"""Rocky"" Roque",De La Fuente,"De La Fuente, ""Rocky"" Roque",,ADP,"1,570",,0.32%,
484,486.0,P60021102,Montana,MT,11/8/16,Darrell L.,Castle,"Castle, Darrell L.",,W,296,,0.06%,
485,487.0,P20005260,Montana,MT,11/8/16,Tom,Hoefling,"Hoefling, Tom",,W,10,,0.00%,
486,488.0,P20004511,Montana,MT,11/8/16,Laurence,Kotlikoff,"Kotlikoff, Laurence",,W,7,,0.00%,
487,489.0,P60015351,Montana,MT,11/8/16,Andrew D.,Basiago,"Basiago, Andrew D.",,W,3,,0.00%,
488,490.0,P60020757,Montana,MT,11/8/16,Robert L.,Buchanan,"Buchanan, Robert L.",,W,2,,0.00%,
489,491.0,P60018249,Montana,MT,11/8/16,Joseph,Maldonado,"Maldonado, Joseph",,W,1,,0.00%,
490,492.0,P60019114,Montana,MT,11/8/16,Laio,Morris,"Morris, Laio",,W,1,,0.00%,
491,493.0,P60004868,Montana,MT,11/8/16,Darryl W.,Perry,"Perry, Darryl W.",,W,1,,0.00%,
492,494.0,P00003962,Montana,MT,11/8/16,Joe,Schriner,"Schriner, Joe",,W,1,,0.00%,
493,495.0,P60016623,Montana,MT,11/8/16,Michael L. (Mike),Smith,"Smith, Michael L. (Mike)",,W,1,,0.00%,
494,496.0,P60018017,Montana,MT,11/8/16,Emidio,Soltysik,"Soltysik, Emidio",,W,1,,0.00%,
495,497.0,,Montana,MT,11/8/16,,,,Total State Votes:,,,"497,147",,
496,498.0,,Montana,MT,11/8/16,,,,,,,,,
497,499.0,P80001571,Nebraska,NE,11/8/16,Donald J.,Trump,"Trump, Donald J.",,REP,"495,961",,58.75%,W
498,500.0,P00003392,Nebraska,NE,11/8/16,Hillary,Clinton,"Clinton, Hillary",,DEM,"284,494",,33.70%,
499,501.0,P20002671,Nebraska,NE,11/8/16,Gary,Johnson,"Johnson, Gary",,LIB,"38,946",,4.61%,
500,502.0,,Nebraska,NE,11/8/16,,Scattered,Scattered,,W,"16,051",,1.90%,
501,503.0,P20003984,Nebraska,NE,11/8/16,Jill,Stein,"Stein, Jill",,BP,"8,775",,1.04%,
502,504.0,,Nebraska,NE,11/8/16,,,,Total State Votes:,,,"844,227",,
503,505.0,,Nebraska,NE,11/8/16,,,,,,,,,
504,506.0,P00003392,Nevada,NV,11/8/16,Hillary,Clinton,"Clinton, Hillary",,DEM,"539,260",,47.92%,W
505,507.0,P80001571,Nevada,NV,11/8/16,Donald J.,Trump,"Trump, Donald J.",,REP,"512,058",,45.50%,
506,508.0,P20002671,Nevada,NV,11/8/16,Gary,Johnson,"Johnson, Gary",,LIB,"37,384",,3.32%,
507,509.0,,Nevada,NV,11/8/16,,None of These Candidates,None of These Candidates,,,"28,863",,2.56%,
508,510.0,P60021102,Nevada,NV,11/8/16,Darrell,Castle,"Castle, Darrell",,IAP,"5,268",,0.47%,
509,511.0,P60016342,Nevada,NV,11/8/16,"Roque ""Rocky""",De La Fuente,"De La Fuente, Roque ""Rocky""",,NPY,"2,552",,0.23%,
510,512.0,,Nevada,NV,11/8/16,,,,Total State Votes:,,,"1,125,385",,
511,513.0,,Nevada,NV,11/8/16,,,,,,,,,
512,514.0,P00003392,New Hampshire,NH,11/8/16,Hillary,Clinton,"Clinton, Hillary",,DEM,"348,526",,46.83%,W
513,515.0,P80001571,New Hampshire,NH,11/8/16,Donald J.,Trump,"Trump, Donald J.",,REP,"345,790",,46.46%,
514,516.0,P20002671,New Hampshire,NH,11/8/16,Gary,Johnson,"Johnson, Gary",,LIB,"30,777",,4.14%,
515,517.0,P20003984,New Hampshire,NH,11/8/16,Jill ,Stein,"Stein, Jill ",,GRE,"6,496",,0.87%,
516,518.0,P60007168,New Hampshire,NH,11/8/16,Bernie,Sanders,"Sanders, Bernie",,W,"4,493",,0.60%,
517,519.0,,New Hampshire,NH,11/8/16,,Scattered,Scattered,,W,"2,411",,0.32%,
518,520.0,P60003670,New Hampshire,NH,11/8/16,John,Kasich,"Kasich, John",,W,"1,365",,0.18%,
519,521.0,P60022654,New Hampshire,NH,11/8/16,Evan,McMullin,"McMullin, Evan",,W,"1,064",,0.14%,
520,522.0,,New Hampshire,NH,11/8/16,Mike,Pence,"Pence, Mike",,W,937,,0.13%,
521,523.0,P60016342,New Hampshire,NH,11/8/16,"Roque ""Rocky""",De La Fuente,"De La Fuente, Roque ""Rocky""",,ADP,678,,0.09%,
522,524.0,P80003353,New Hampshire,NH,11/8/16,Mitt,Romney,"Romney, Mitt",,W,540,,0.07%,
523,525.0,,New Hampshire,NH,11/8/16,Paul,Ryan,"Ryan, Paul",,W,280,,0.04%,
524,526.0,P60008059,New Hampshire,NH,11/8/16,Jeb ,Bush,"Bush, Jeb ",,W,230,,0.03%,
525,527.0,P60006723,New Hampshire,NH,11/8/16,Marco,Rubio,"Rubio, Marco",,W,136,,0.02%,
526,528.0,P60006111,New Hampshire,NH,11/8/16,Ted ,Cruz,"Cruz, Ted ",,W,129,,0.02%,
527,529.0,P80002801,New Hampshire,NH,11/8/16,John,McCain,"McCain, John",,W,127,,0.02%,
528,530.0,,New Hampshire,NH,11/8/16,Ron or Rand,Paul,"Paul, Ron or Rand",,W,98,,0.01%,
529,531.0,P60005915,New Hampshire,NH,11/8/16,Ben ,Carson,"Carson, Ben ",,W,83,,0.01%,
530,532.0,,New Hampshire,NH,11/8/16,Vermin,Supreme,"Supreme, Vermin",,W,58,,0.01%,
531,533.0,P80000722,New Hampshire,NH,11/8/16,Joe  ,Biden,"Biden, Joe  ",,W,55,,0.01%,
532,534.0,P60008521,New Hampshire,NH,11/8/16,Chris ,Christie,"Christie, Chris ",,W,23,,0.00%,
533,535.0,,New Hampshire,NH,11/8/16,,,,Total State Votes:,,,"744,296",,
534,536.0,,New Hampshire,NH,11/8/16,,,,,,,,,
535,537.0,P00003392,New Jersey,NJ,11/8/16,Hillary Rodham,Clinton,"Clinton, Hillary Rodham",,DEM,"2,148,278",,55.45%,W
536,538.0,P80001571,New Jersey,NJ,11/8/16,Donald J.,Trump,"Trump, Donald J.",,REP,"1,601,933",,41.35%,
537,539.0,P20002671,New Jersey,NJ,11/8/16,Gary,Johnson,"Johnson, Gary",,LIB,"72,477",,1.87%,
538,540.0,P20003984,New Jersey,NJ,11/8/16,Jill,Stein,"Stein, Jill",,GRE,"37,772",,0.98%,
539,541.0,P60021102,New Jersey,NJ,11/8/16,Darrell,Castle,"Castle, Darrell",,CON,"6,161",,0.16%,
540,542.0,P80005473,New Jersey,NJ,11/8/16,Alyson,Kennedy,"Kennedy, Alyson",,SWP,"2,156",,0.06%,
541,543.0,P60016342,New Jersey,NJ,11/8/16,Rocky Roque,De La Fuente,"De La Fuente, Rocky Roque",,ADP,"1,838",,0.05%,
542,544.0,P60004405,New Jersey,NJ,11/8/16,Monica,Moorehead,"Moorehead, Monica",,WW,"1,749",,0.05%,
543,545.0,P80005572,New Jersey,NJ,11/8/16,Gloria,La Riva,"La Riva, Gloria",,SLP,"1,682",,0.04%,
544,546.0,,New Jersey,NJ,11/8/16,,,,Total State Votes:,,,"3,874,046",,
545,547.0,,New Jersey,NJ,11/8/16,,,,,,,,,
546,548.0,P00003392,New Mexico,NM,11/8/16,Hillary Rodham,Clinton,"Clinton, Hillary Rodham",,DEM,"385,234",,48.26%,W
547,549.0,P80001571,New Mexico,NM,11/8/16,Donald J.,Trump,"Trump, Donald J.",,REP,"319,667",,40.04%,
548,550.0,P20002671,New Mexico,NM,11/8/16,Gary ,Johnson,"Johnson, Gary ",,LIB,"74,541",,9.34%,
549,551.0,P20003984,New Mexico,NM,11/8/16,Jill ,Stein,"Stein, Jill ",,GRE,"9,879",,1.24%,
550,552.0,P60022654,New Mexico,NM,11/8/16,Evan,McMullin,"McMullin, Evan",,BFA,"5,825",,0.73%,
551,553.0,P60021102,New Mexico,NM,11/8/16,Darrell,Castle,"Castle, Darrell",,CON,"1,514",,0.19%,
552,554.0,P80005572,New Mexico,NM,11/8/16,Gloria,La Riva,"La Riva, Gloria",,PSL,"1,184",,0.15%,
553,555.0,P60016342,New Mexico,NM,11/8/16,"""Rocky"" Roque",De La Fuente,"De La Fuente, ""Rocky"" Roque",,ADP,475,,0.06%,
554,556.0,,New Mexico,NM,11/8/16,,,,Total State Votes:,,,"798,319",,
555,557.0,,New Mexico,NM,11/8/16,,,,,,,,,
556,558.0,P00003392,New York,NY,11/8/16,Hillary,Clinton,"Clinton, Hillary",,Combined Parties:,,"4,556,118",59.01%,W
557,559.0,P00003392,New York,NY,11/8/16,Hillary,Clinton,"Clinton, Hillary",,DEM,"4,379,783",,56.72%,
558,560.0,P00003392,New York,NY,11/8/16,Hillary,Clinton,"Clinton, Hillary",,WF,"140,043",,1.81%,
559,561.0,P00003392,New York,NY,11/8/16,Hillary,Clinton,"Clinton, Hillary",,WEP,"36,292",,0.47%,
560,562.0,P80001571,New York,NY,11/8/16,Donald J.,Trump,"Trump, Donald J.",,Combined Parties:,,"2,819,533",36.52%,
561,563.0,P80001571,New York,NY,11/8/16,Donald J.,Trump,"Trump, Donald J.",,REP,"2,527,141",,32.73%,
562,564.0,P80001571,New York,NY,11/8/16,Donald J.,Trump,"Trump, Donald J.",,C,"292,392",,3.79%,
563,565.0,P20002671,New York,NY,11/8/16,Gary,Johnson,"Johnson, Gary",,Combined Parties:,,"176,598",2.29%,
564,566.0,P20002671,New York,NY,11/8/16,Gary,Johnson,"Johnson, Gary",,IDP,"119,160",,1.54%,
565,567.0,P20002671,New York,NY,11/8/16,Gary,Johnson,"Johnson, Gary",,LIB,"57,438",,0.74%,
566,568.0,P20003984,New York,NY,11/8/16,Jill ,Stein,"Stein, Jill ",,GRE,"107,935",,1.40%,
567,569.0,,New York,NY,11/8/16,,Scattered,Scattered,,W,"48,343",,0.63%,
568,570.0,P60022654,New York,NY,11/8/16,Evan,McMullin,"McMullin, Evan",,W,"10,397",,0.13%,
569,571.0,P60021102,New York,NY,11/8/16,Darrell,Castle,"Castle, Darrell",,W,955,,0.01%,
570,572.0,P60022787,New York,NY,11/8/16,Michael A.,Maturen,"Maturen, Michael A.",,W,458,,0.01%,
571,573.0,P80005572,New York,NY,11/8/16,Gloria,La Riva,"La Riva, Gloria",,W,175,,0.00%,
572,574.0,P20005260,New York,NY,11/8/16,Tom,Hoefling,"Hoefling, Tom",,W,137,,0.00%,
573,575.0,P60009917,New York,NY,11/8/16,Chris,Keniston,"Keniston, Chris",,W,90,,0.00%,
574,576.0,P60017852,New York,NY,11/8/16,Clifton,Roberts,"Roberts, Clifton",,W,88,,0.00%,
575,577.0,,New York,NY,11/8/16,Jason,Mutford,"Mutford, Jason",,W,85,,0.00%,
576,578.0,P60008190,New York,NY,11/8/16,Zoltan Istvan,Gyurko,"Gyurko, Zoltan Istvan",,W,76,,0.00%,
577,579.0,P60005808,New York,NY,11/8/16,Lynn,Kahn,"Kahn, Lynn",,W,72,,0.00%,
578,580.0,P60004405,New York,NY,11/8/16,Monica ,Moorehead,"Moorehead, Monica ",,W,68,,0.00%,
579,581.0,P60020757,New York,NY,11/8/16,Robert L.,Buchanan,"Buchanan, Robert L.",,W,58,,0.00%,
580,582.0,,New York,NY,11/8/16,Ben,Hartnell,"Hartnell, Ben",,W,42,,0.00%,
581,583.0,P60018017,New York,NY,11/8/16,Emidio,Soltysik,"Soltysik, Emidio",,W,36,,0.00%,
582,584.0,P60016342,New York,NY,11/8/16,"""Rocky"" Roque",De La Fuente,"De La Fuente, ""Rocky"" Roque",,W,35,,0.00%,
583,585.0,,New York,NY,11/8/16,Ariel ,Cohen,"Cohen, Ariel ",,W,33,,0.00%,
584,586.0,,New York,NY,11/8/16,William J.,Connolly,"Connolly, William J.",,W,30,,0.00%,
585,587.0,P80000268,New York,NY,11/8/16,Willie ,Carter,"Carter, Willie ",,W,18,,0.00%,
586,588.0,,New York,NY,11/8/16,Jeffrey,Mackler,"Mackler, Jeffrey",,W,15,,0.00%,
587,589.0,,New York,NY,11/8/16,Neer R.,Asherie,"Asherie, Neer R.",,W,9,,0.00%,
588,590.0,,New York,NY,11/8/16,Michael Frederick,Ingbar,"Ingbar, Michael Frederick",,W,8,,0.00%,
589,591.0,,New York,NY,11/8/16,Jason,Fried,"Fried, Jason",,W,6,,0.00%,
590,592.0,P60023074,New York,NY,11/8/16,Gary S.,Canns,"Canns, Gary S.",,W,5,,0.00%,
591,593.0,,New York,NY,11/8/16,Robert M.,Wolff,"Wolff, Robert M.",,W,5,,0.00%,
592,594.0,,New York,NY,11/8/16,Tony,Valdivia,"Valdivia, Tony",,W,4,,0.00%,
593,595.0,,New York,NY,11/8/16,Marshall,Schoenke,"Schoenke, Marshall",,W,3,,0.00%,
594,596.0,,New York,NY,11/8/16,Ryan Alan,Scott,"Scott, Ryan Alan",,W,3,,0.00%,
595,597.0,,New York,NY,11/8/16,Mark  ,Blickley,"Blickley, Mark  ",,W,2,,0.00%,
596,598.0,,New York,NY,11/8/16,Esther,Welsh,"Welsh, Esther",,W,1,,0.00%,
597,599.0,,New York,NY,11/8/16,Barbara,Whitaker,"Whitaker, Barbara",,W,1,,0.00%,
598,600.0,,New York,NY,11/8/16,,,,Total State Votes:,,,"7,721,442",,
599,601.0,,New York,NY,11/8/16,,,,,,,,,
600,602.0,P80001571,North Carolina,NC,11/8/16,Donald J.,Trump,"Trump, Donald J.",,REP,"2,362,631",,49.83%,W
601,603.0,P00003392,North Carolina,NC,11/8/16,Hillary,Clinton,"Clinton, Hillary",,DEM,"2,189,316",,46.17%,
602,604.0,P20002671,North Carolina,NC,11/8/16,Gary,Johnson,"Johnson, Gary",,LIB,"130,126",,2.74%,
603,605.0,,North Carolina,NC,11/8/16,,Scattered,Scattered,,W,"47,386",,1.00%,
604,606.0,P20003984,North Carolina,NC,11/8/16,Jill,Stein,"Stein, Jill",,W,"12,105",,0.26%,
605,607.0,,North Carolina,NC,11/8/16,,,,Total State Votes:,,,"4,741,564",,
606,608.0,,North Carolina,NC,11/8/16,,,,,,,,,
607,609.0,P80001571,North Dakota,ND,11/8/16,Donald J.,Trump,"Trump, Donald J.",,REP,"216,794",,62.96%,W
608,610.0,P00003392,North Dakota,ND,11/8/16,Hillary,Clinton,"Clinton, Hillary",,DNL,"93,758",,27.23%,
609,611.0,P20002671,North Dakota,ND,11/8/16,Gary,Johnson,"Johnson, Gary",,LIB,"21,434",,6.22%,
610,612.0,,North Dakota,ND,11/8/16,,Scattered,Scattered,,W,"6,397",,1.86%,
611,613.0,P20003984,North Dakota,ND,11/8/16,Jill,Stein,"Stein, Jill",,GRE,"3,780",,1.10%,
612,614.0,P60021102,North Dakota,ND,11/8/16,Darrell,Castle,"Castle, Darrell",,CON,"1,833",,0.53%,
613,615.0,P60016342,North Dakota,ND,11/8/16,Rocky Roque,De La Fuente,"De La Fuente, Rocky Roque",,ADP,364,,0.11%,
614,616.0,,North Dakota,ND,11/8/16,,,,Total State Votes:,,,"344,360",,
615,617.0,,North Dakota,ND,11/8/16,,,,,,,,,
616,618.0,P80001571,Ohio,OH,11/8/16,Donald J.,Trump,"Trump, Donald J.",,REP,"2,841,005",,51.69%,W
617,619.0,P00003392,Ohio,OH,11/8/16,Hillary,Clinton,"Clinton, Hillary",,DEM,"2,394,164",,43.56%,
618,620.0,P20002671,Ohio,OH,11/8/16,Gary ,Johnson,"Johnson, Gary ",,N,"174,498",,3.17%,
619,621.0,P20003984,Ohio,OH,11/8/16,Jill,Stein,"Stein, Jill",,GRE,"46,271",,0.84%,
620,622.0,,Ohio,OH,11/8/16,Richard,Duncan,"Duncan, Richard",,N,"24,235",,0.44%,
621,623.0,P60022654,Ohio,OH,11/8/16,Evan,McMullin,"McMullin, Evan",,W,"12,574",,0.23%,
622,624.0,P60021102,Ohio,OH,11/8/16,Darrell L.,Castle,"Castle, Darrell L.",,W,"1,887",,0.03%,
623,625.0,,Ohio,OH,11/8/16,Ben ,Hartnell,"Hartnell, Ben ",,W,589,,0.01%,
624,626.0,P60022787,Ohio,OH,11/8/16,Michael Andrew,Maturen,"Maturen, Michael Andrew",,W,552,,0.01%,
625,627.0,P20005260,Ohio,OH,11/8/16,Tom ,Hoefling,"Hoefling, Tom ",,W,268,,0.00%,
626,628.0,P60009917,Ohio,OH,11/8/16,Chris,Keniston,"Keniston, Chris",,W,114,,0.00%,
627,629.0,P20004511,Ohio,OH,11/8/16,Laurence,Kotlikoff,"Kotlikoff, Laurence",,W,90,,0.00%,
628,630.0,P00003962,Ohio,OH,11/8/16,Joe  ,Schriner,"Schriner, Joe  ",,W,62,,0.00%,
629,631.0,P60016623,Ohio,OH,11/8/16,Mike,Smith,"Smith, Mike",,W,62,,0.00%,
630,632.0,,Ohio,OH,11/8/16,Josiah R.,Stroh,"Stroh, Josiah R.",,W,30,,0.00%,
631,633.0,P60004405,Ohio,OH,11/8/16,Monica,Moorehead,"Moorehead, Monica",,W,19,,0.00%,
632,634.0,P60018249,Ohio,OH,11/8/16,Joseph,Maldonado,"Maldonado, Joseph",,W,18,,0.00%,
633,635.0,,Ohio,OH,11/8/16,Barry ,Kirschner,"Kirschner, Barry ",,W,15,,0.00%,
634,636.0,P60007523,Ohio,OH,11/8/16,James Jerome ,Bell,"Bell, James Jerome ",,W,9,,0.00%,
635,637.0,,Ohio,OH,11/8/16,Bruce E. ,Jaynes,"Jaynes, Bruce E. ",,W,8,,0.00%,
636,638.0,P00004861,Ohio,OH,11/8/16,Michael ,Bickelmeyer,"Bickelmeyer, Michael ",,W,6,,0.00%,
637,639.0,P60021656,Ohio,OH,11/8/16,Douglas W.,Thomson,"Thomson, Douglas W.",,W,6,,0.00%,
638,640.0,P60005303,Ohio,OH,11/8/16,Cherunda,Fox,"Fox, Cherunda",,W,5,,0.00%,
639,641.0,,Ohio,OH,11/8/16,,,,Total State Votes:,,,"5,496,487",,
640,642.0,,Ohio,OH,11/8/16,,,,,,,,,
641,643.0,P80001571,Oklahoma,OK,11/8/16,Donald J.,Trump,"Trump, Donald J.",,REP,"949,136",,65.32%,W
642,644.0,P00003392,Oklahoma,OK,11/8/16,Hillary,Clinton,"Clinton, Hillary",,DEM,"420,375",,28.93%,
643,645.0,P20002671,Oklahoma,OK,11/8/16,Gary,Johnson,"Johnson, Gary",,LIB,"83,481",,5.75%,
644,646.0,,Oklahoma,OK,11/8/16,,,,Total State Votes:,,,"1,452,992",,
645,647.0,,Oklahoma,OK,11/8/16,,,,,,,,,
646,648.0,P00003392,Oregon,OR,11/8/16,Hillary,Clinton,"Clinton, Hillary",,DEM,"1,002,106",,50.07%,W
647,649.0,P80001571,Oregon,OR,11/8/16,Donald J.,Trump,"Trump, Donald J.",,REP,"782,403",,39.09%,
648,650.0,P20002671,Oregon,OR,11/8/16,Gary,Johnson,"Johnson, Gary",,LIB,"94,231",,4.71%,
649,651.0,,Oregon,OR,11/8/16,,Miscellaneous,Miscellaneous,,W,"72,594",,3.63%,
650,652.0,P20003984,Oregon,OR,11/8/16,Jill,Stein,"Stein, Jill",,PG/PRO,"50,002",,2.50%,
651,653.0,,Oregon,OR,11/8/16,,,,Total State Votes:,,,"2,001,336",,
652,654.0,,Oregon,OR,11/8/16,,,,,,,,,
653,655.0,P80001571,Pennsylvania,PA,11/8/16,Donald J.,Trump,"Trump, Donald J.",,REP,"2,970,733",,48.18%,W
654,656.0,P00003392,Pennsylvania,PA,11/8/16,Hillary,Clinton,"Clinton, Hillary",,DEM,"2,926,441",,47.46%,
655,657.0,P20002671,Pennsylvania,PA,11/8/16,Gary E.,Johnson,"Johnson, Gary E.",,LIB,"146,715",,2.38%,
656,658.0,P20003984,Pennsylvania,PA,11/8/16,Jill,Stein,"Stein, Jill",,GRE,"49,941",,0.81%,
657,659.0,,Pennsylvania,PA,11/8/16,,Scattered,Scattered,,W,"37,239",,0.60%,
658,660.0,P60021102,Pennsylvania,PA,11/8/16,Darrell L.,Castle,"Castle, Darrell L.",,CON,"21,572",,0.35%,
659,661.0,P60022654,Pennsylvania,PA,11/8/16,Evan,McMullin,"McMullin, Evan",,W,"6,472",,0.10%,
660,662.0,P60007168,Pennsylvania,PA,11/8/16,Bernie,Sanders,"Sanders, Bernie",,W,"6,060",,0.10%,
661,663.0,P60003670,Pennsylvania,PA,11/8/16,John,Kasich,"Kasich, John",,W,302,,0.00%,
662,664.0,P60005808,Pennsylvania,PA,11/8/16,Lynn,Kahn,"Kahn, Lynn",,W,3,,0.00%,
663,665.0,,Pennsylvania,PA,11/8/16,,,,Total State Votes:,,,"6,165,478",,
664,666.0,,Pennsylvania,PA,11/8/16,,,,,,,,,
665,667.0,P00003392,Rhode Island,RI,11/8/16,Hillary,Clinton,"Clinton, Hillary",,DEM,"252,525",,54.41%,W
666,668.0,P80001571,Rhode Island,RI,11/8/16,Donald J.,Trump,"Trump, Donald J.",,REP,"180,543",,38.90%,
667,669.0,P20002671,Rhode Island,RI,11/8/16,Gary,Johnson,"Johnson, Gary",,LIB,"14,746",,3.18%,
668,670.0,P20003984,Rhode Island,RI,11/8/16,Jill,Stein,"Stein, Jill",,GRE,"6,220",,1.34%,
669,671.0,P60007168,Rhode Island,RI,11/8/16,Bernie,Sanders,"Sanders, Bernie",,W,"3,497",,0.75%,
670,672.0,,Rhode Island,RI,11/8/16,,Scattered,Scattered,,W,"2,121",,0.46%,
671,673.0,P60022654,Rhode Island,RI,11/8/16,Evan,McMullin,"McMullin, Evan",,W,773,,0.17%,
672,674.0,P60003670,Rhode Island,RI,11/8/16,John,Kasich,"Kasich, John",,W,695,,0.15%,
673,675.0,P60016342,Rhode Island,RI,11/8/16,"""Rocky"" Roque",De La Fuente,"De La Fuente, ""Rocky"" Roque",,ADP,671,,0.14%,
674,676.0,,Rhode Island,RI,11/8/16,Michael,Pence,"Pence, Michael",,W,291,,0.06%,
675,677.0,P80003353,Rhode Island,RI,11/8/16,Mitt,Romney,"Romney, Mitt",,W,273,,0.06%,
676,678.0,,Rhode Island,RI,11/8/16,Paul,Ryan,"Ryan, Paul",,W,249,,0.05%,
677,679.0,P80000722,Rhode Island,RI,11/8/16,Joe (Joseph),Biden,"Biden, Joe (Joseph)",,W,160,,0.03%,
678,680.0,P80002801,Rhode Island,RI,11/8/16,John,McCain,"McCain, John",,W,124,,0.03%,
679,681.0,P60006723,Rhode Island,RI,11/8/16,Marco,Rubio,"Rubio, Marco",,W,99,,0.02%,
680,682.0,,Rhode Island,RI,11/8/16,Tom (Thomas),Brady,"Brady, Tom (Thomas)",,W,86,,0.02%,
681,683.0,,Rhode Island,RI,11/8/16,Mickey,Mouse,"Mouse, Mickey",,W,79,,0.02%,
682,684.0,P60008059,Rhode Island,RI,11/8/16,Jeb,Bush,"Bush, Jeb",,W,71,,0.02%,
683,685.0,,Rhode Island,RI,11/8/16,Jesus,"""Christ""","""Christ,"" Jesus ",,W,70,,0.02%,
684,686.0,,Rhode Island,RI,11/8/16,,None of the above,None of the above,,W,70,,0.02%,
685,687.0,P60005915,Rhode Island,RI,11/8/16,Ben,Carson,"Carson, Ben",,W,66,,0.01%,
686,688.0,P60021102,Rhode Island,RI,11/8/16,Darrell,Castle,"Castle, Darrell",,W,52,,0.01%,
687,689.0,P60006111,Rhode Island,RI,11/8/16,Ted (Senator),Cruz,"Cruz, Ted (Senator)",,W,46,,0.01%,
688,690.0,,Rhode Island,RI,11/8/16,Colin,Powell,"Powell, Colin",,W,41,,0.01%,
689,691.0,P60022787,Rhode Island,RI,11/8/16,,Michael Maturen - American Solidarity Party,"Maturen, Michael - American Solidarity Party",,W,34,,0.01%,
690,692.0,,Rhode Island,RI,11/8/16,Michelle,Obama,"Obama, Michelle",,W,34,,0.01%,
691,693.0,P80004740,Rhode Island,RI,11/8/16,Michael,Bloomberg,"Bloomberg, Michael",,W,32,,0.01%,
692,694.0,,Rhode Island,RI,11/8/16,Condoleeza,Rice,"Rice, Condoleeza",,W,26,,0.01%,
693,695.0,,Rhode Island,RI,11/8/16,,God (Almighty),God (Almighty),,W,20,,0.00%,
694,696.0,,Rhode Island,RI,11/8/16,Bill (William),Belichek,"Belichek, Bill (William)",,W,19,,0.00%,
695,697.0,,Rhode Island,RI,11/8/16,Todd,Chrisley,"Chrisley, Todd",,W,19,,0.00%,
696,698.0,,Rhode Island,RI,11/8/16,,None,None,,W,19,,0.00%,
697,699.0,,Rhode Island,RI,11/8/16,Ted,Cohen,"Cohen, Ted",,W,18,,0.00%,
698,700.0,,Rhode Island,RI,11/8/16,Donald,Duck,"Duck, Donald",,W,18,,0.00%,
699,701.0,P40003576,Rhode Island,RI,11/8/16,Rand,Paul,"Paul, Rand",,W,18,,0.00%,
700,702.0,,Rhode Island,RI,11/8/16,Vermin,Supreme,"Supreme, Vermin",,W,17,,0.00%,
701,703.0,,Rhode Island,RI,11/8/16,,Harambe,Harambe,,W,15,,0.00%,
702,704.0,,Rhode Island,RI,11/8/16,,No Confidence,No Confidence,,W,15,,0.00%,
703,705.0,,Rhode Island,RI,11/8/16,Abe (Abraham),Lincoln,"Lincoln, Abe (Abraham)",,W,13,,0.00%,
704,706.0,P80003338,Rhode Island,RI,11/8/16,Barack,Obama,"Obama, Barack",,W,13,,0.00%,
705,707.0,P60007242,Rhode Island,RI,11/8/16,Carly,Fiorina,"Fiorina, Carly",,W,12,,0.00%,
706,708.0,P60012796,Rhode Island,RI,11/8/16,Elizabeth,Warren,"Warren, Elizabeth",,W,12,,0.00%,
707,709.0,P60008521,Rhode Island,RI,11/8/16,Chris,Christie,"Christie, Chris",,W,11,,0.00%,
708,710.0,P80000748,Rhode Island,RI,11/8/16,Ron,Paul,"Paul, Ron",,W,11,,0.00%,
709,711.0,P80003478,Rhode Island,RI,11/8/16,Mike,Huckabee,"Huckabee, Mike",,W,9,,0.00%,
710,712.0,P60008075,Rhode Island,RI,11/8/16,Lincoln,Chaffee,"Chaffee, Lincoln",,W,8,,0.00%,
711,713.0,,Rhode Island,RI,11/8/16,Matt,Fecteau,"Fecteau, Matt",,W,8,,0.00%,
712,714.0,,Rhode Island,RI,11/8/16,Trey,Gowdy,"Gowdy, Trey",,W,8,,0.00%,
713,715.0,P80005572,Rhode Island,RI,11/8/16,Gloria,LaRiva,"LaRiva, Gloria",,W,8,,0.00%,
714,716.0,,Rhode Island,RI,11/8/16,Alfred E.,Neuman,"Neuman, Alfred E.",,W,8,,0.00%,
715,717.0,,Rhode Island,RI,11/8/16,,No one,No one,,W,8,,0.00%,
716,718.0,,Rhode Island,RI,11/8/16,Jesse,Ventura,"Ventura, Jesse",,W,8,,0.00%,
717,719.0,,Rhode Island,RI,11/8/16,,Anyone Else,Anyone Else,,W,7,,0.00%,
718,720.0,,Rhode Island,RI,11/8/16,Jimmy,Buffett,"Buffett, Jimmy",,W,7,,0.00%,
719,721.0,P20005260,Rhode Island,RI,11/8/16,Tom,Hoefling,"Hoefling, Tom",,W,7,,0.00%,
720,722.0,,Rhode Island,RI,11/8/16,Tim,Kaine,"Kaine, Tim",,W,7,,0.00%,
721,723.0,,Rhode Island,RI,11/8/16,,Pope Francis,Pope Francis,,W,7,,0.00%,
722,724.0,P60008885,Rhode Island,RI,11/8/16,James (Jim),Webb,"Webb, James (Jim)",,W,7,,0.00%,
723,725.0,,Rhode Island,RI,11/8/16,Roger,Williams,"Williams, Roger",,W,7,,0.00%,
724,726.0,P60009917,Rhode Island,RI,11/8/16,Chris,Kenniston,"Kenniston, Chris",,W,6,,0.00%,
725,727.0,,Rhode Island,RI,11/8/16,,Me,Me,,W,6,,0.00%,
726,728.0,,Rhode Island,RI,11/8/16,,,,,W,6,,0.00%,
727,729.0,,Rhode Island,RI,11/8/16,David,Norton,"Norton, David",,W,6,,0.00%,
728,730.0,P60009198,Rhode Island,RI,11/8/16,Deez,Nutz,"Nutz, Deez",,W,6,,0.00%,
729,731.0,,Rhode Island,RI,11/8/16,Theodore,Roosevelt,"Roosevelt, Theodore",,W,6,,0.00%,
730,732.0,,Rhode Island,RI,11/8/16,,Abstain,Abstain,,W,5,,0.00%,
731,733.0,,Rhode Island,RI,11/8/16,Warren,Buffet,"Buffet, Warren",,W,5,,0.00%,
732,734.0,,Rhode Island,RI,11/8/16,Alice,Cooper,"Cooper, Alice",,W,5,,0.00%,
733,735.0,,Rhode Island,RI,11/8/16,,God Help Us,God Help Us,,W,5,,0.00%,
734,736.0,,Rhode Island,RI,11/8/16,"Robert (Bob) ""Cool Moose""",Healey,"Healey, Robert (Bob) ""Cool Moose""",,W,5,,0.00%,
735,737.0,,Rhode Island,RI,11/8/16,Bill,Murray,"Murray, Bill",,W,5,,0.00%,
736,738.0,,Rhode Island,RI,11/8/16,Ronald,Reagan,"Reagan, Ronald",,W,5,,0.00%,
737,739.0,,Rhode Island,RI,11/8/16,Jack,Reed,"Reed, Jack",,W,5,,0.00%,
738,740.0,,Rhode Island,RI,11/8/16,,Unity Love Harmony,Unity Love Harmony,,W,5,,0.00%,
739,741.0,,Rhode Island,RI,11/8/16,George,Washington,"Washington, George",,W,5,,0.00%,
740,742.0,,Rhode Island,RI,11/8/16,,,,Total State Votes:,,,"464,144",,
741,743.0,,Rhode Island,RI,11/8/16,,,,,,,,,
742,744.0,P80001571,South Carolina,SC,11/8/16,Donald J.,Trump,"Trump, Donald J.",,REP,"1,155,389",,54.94%,W
743,745.0,P00003392,South Carolina,SC,11/8/16,Hillary Rodham,Clinton,"Clinton, Hillary Rodham",,DEM,"855,373",,40.67%,
744,746.0,P20002671,South Carolina,SC,11/8/16,Gary,Johnson,"Johnson, Gary",,LIB,"49,204",,2.34%,
745,747.0,P60022654,South Carolina,SC,11/8/16,Evan,McMullin,"McMullin, Evan",,IDP,"21,016",,1.00%,
746,748.0,P20003984,South Carolina,SC,11/8/16,Jill,Stein,"Stein, Jill",,GRE,"13,034",,0.62%,
747,749.0,P60021102,South Carolina,SC,11/8/16,Darrell,Castle,"Castle, Darrell",,CON,"5,765",,0.27%,
748,750.0,P60012960,South Carolina,SC,11/8/16,Peter,Skewes,"Skewes, Peter",,AM,"3,246",,0.15%,
749,751.0,,South Carolina,SC,11/8/16,,,,Total State Votes:,,,"2,103,027",,
750,752.0,,South Carolina,SC,11/8/16,,,,,,,,,
751,753.0,P80001571,South Dakota,SD,11/8/16,Donald J.,Trump,"Trump, Donald J.",,REP,"227,721",,61.53%,W
752,754.0,P00003392,South Dakota,SD,11/8/16,Hillary,Clinton,"Clinton, Hillary",,DEM,"117,458",,31.74%,
753,755.0,P20002671,South Dakota,SD,11/8/16,Gary,Johnson,"Johnson, Gary",,LIB,"20,850",,5.63%,
754,756.0,P60021102,South Dakota,SD,11/8/16,Darrell L.,Castle,"Castle, Darrell L.",,CON,"4,064",,1.10%,
755,757.0,,South Dakota,SD,11/8/16,,,,Total State Votes:,,,"370,093",,
756,758.0,,South Dakota,SD,11/8/16,,,,,,,,,
757,759.0,P80001571,Tennessee,TN,11/8/16,Donald J.,Trump,"Trump, Donald J.",,REP,"1,522,925",,60.72%,W
758,760.0,P00003392,Tennessee,TN,11/8/16,Hillary,Clinton,"Clinton, Hillary",,DEM,"870,695",,34.72%,
759,761.0,P20002671,Tennessee,TN,11/8/16,Gary,Johnson,"Johnson, Gary",,IND,"70,397",,2.81%,
760,762.0,P20003984,Tennessee,TN,11/8/16,Jill,Stein,"Stein, Jill",,IND,"15,993",,0.64%,
761,763.0,P60022654,Tennessee,TN,11/8/16,Evan,McMullin,"McMullin, Evan",,W,"11,991",,0.48%,
762,764.0,P60016623,Tennessee,TN,11/8/16,Mike,Smith,"Smith, Mike",,IND,"7,276",,0.29%,
763,765.0,P60016342,Tennessee,TN,11/8/16,"""Rocky"" Roque",De La Fuente,"De La Fuente, ""Rocky"" Roque",,IND,"4,075",,0.16%,
764,766.0,P80005473,Tennessee,TN,11/8/16,Alyson,Kennedy,"Kennedy, Alyson",,IND,"2,877",,0.11%,
765,767.0,P60021102,Tennessee,TN,11/8/16,Darrell L.,Castle,"Castle, Darrell L.",,W,"1,584",,0.06%,
766,768.0,P20005260,Tennessee,TN,11/8/16,Tom ,Hoefling,"Hoefling, Tom ",,W,132,,0.01%,
767,769.0,,Tennessee,TN,11/8/16,David,Limbaugh,"Limbaugh, David",,W,53,,0.00%,
768,770.0,P20004511,Tennessee,TN,11/8/16,Laurence,Kotlikoff,"Kotlikoff, Laurence",,W,20,,0.00%,
769,771.0,P60005303,Tennessee,TN,11/8/16,Cherunda,Fox,"Fox, Cherunda",,W,6,,0.00%,
770,772.0,,Tennessee,TN,11/8/16,Marshall,Schoenke,"Schoenke, Marshall",,W,3,,0.00%,
771,773.0,,Tennessee,TN,11/8/16,,,,Total State Votes:,,,"2,508,027",,
772,774.0,,Tennessee,TN,11/8/16,,,,,,,,,
773,775.0,P80001571,Texas,TX,11/8/16,Donald J.,Trump,"Trump, Donald J.",,REP,"4,685,047",,52.23%,W
774,776.0,P00003392,Texas,TX,11/8/16,Hillary,Clinton,"Clinton, Hillary",,DEM,"3,877,868",,43.24%,
775,777.0,P20002671,Texas,TX,11/8/16,Gary,Johnson,"Johnson, Gary",,LIB,"283,492",,3.16%,
776,778.0,P20003984,Texas,TX,11/8/16,Jill,Stein,"Stein, Jill",,GRE,"71,558",,0.80%,
777,779.0,P60022654,Texas,TX,11/8/16,Evan,McMullin,"McMullin, Evan",,W,"42,366",,0.47%,
778,780.0,P60021102,Texas,TX,11/8/16,Darrell L.,Castle,"Castle, Darrell L.",,W,"4,261",,0.05%,
779,781.0,P60022787,Texas,TX,11/8/16,Michael A.,Maturen,"Maturen, Michael A.",,W,"1,401",,0.02%,
780,782.0,P20004511,Texas,TX,11/8/16,Laurence,Kotlikoff,"Kotlikoff, Laurence",,W,"1,037",,0.01%,
781,783.0,P20005260,Texas,TX,11/8/16,Tom ,Hoefling,"Hoefling, Tom ",,W,932,,0.01%,
782,784.0,,Texas,TX,11/8/16,Tony,Valdivia,"Valdivia, Tony",,W,428,,0.00%,
783,785.0,P60023207,Texas,TX,11/8/16,Scott,Cubbler,"Cubbler, Scott",,W,314,,0.00%,
784,786.0,,Texas,TX,11/8/16,Robert,Morrow,"Morrow, Robert",,W,145,,0.00%,
785,787.0,P60004405,Texas,TX,11/8/16,Monica ,Moorehead,"Moorehead, Monica ",,W,122,,0.00%,
786,788.0,P60018017,Texas,TX,11/8/16,Emidio,Soltysik,"Soltysik, Emidio",,W,72,,0.00%,
787,789.0,,Texas,TX,11/8/16,Dale,Steffes,"Steffes, Dale",,W,71,,0.00%,
788,790.0,,Texas,TX,11/8/16,Jonathan,Lee,"Lee, Jonathan",,W,67,,0.00%,
789,791.0,P60005303,Texas,TX,11/8/16,Cherunda,Fox,"Fox, Cherunda",,W,45,,0.00%,
790,792.0,,Texas,TX,11/8/16,,,,Total State Votes:,,,"8,969,226",,
791,793.0,,Texas,TX,11/8/16,,,,,,,,,
792,794.0,P80001571,Utah,UT,11/8/16,Donald J.,Trump,"Trump, Donald J.",,REP,"515,231",,45.54%,W
793,795.0,P00003392,Utah,UT,11/8/16,Hillary Rodham,Clinton,"Clinton, Hillary Rodham",,DEM,"310,676",,27.46%,
794,796.0,P60022654,Utah,UT,11/8/16,Evan,McMullin,"McMullin, Evan",,UN,"243,690",,21.54%,
795,797.0,P20002671,Utah,UT,11/8/16,Gary,Johnson,"Johnson, Gary",,LIB,"39,608",,3.50%,
796,798.0,P20003984,Utah,UT,11/8/16,Jill,Stein,"Stein, Jill",,UN,"9,438",,0.83%,
797,799.0,P60021102,Utah,UT,11/8/16,Darrell L.,Castle,"Castle, Darrell L.",,CON,"8,032",,0.71%,
798,800.0,P60009875,Utah,UT,11/8/16,Rocky,Giordani,"Giordani, Rocky",,IAP,"2,752",,0.24%,
799,801.0,P60016342,Utah,UT,11/8/16,"""Rocky"" Roque",de la Fuente,"de la Fuente, ""Rocky"" Roque",,UN,883,,0.08%,
800,802.0,P60004405,Utah,UT,11/8/16,Monica ,Moorehead,"Moorehead, Monica ",,UN,544,,0.05%,
801,803.0,P80005473,Utah,UT,11/8/16,Alyson,Kennedy,"Kennedy, Alyson",,UN,521,,0.05%,
802,804.0,P60016623,Utah,UT,11/8/16,Mike ,Smith,"Smith, Mike ",,W,19,,0.00%,
803,805.0,P60009602,Utah,UT,11/8/16,Dustin,Baird,"Baird, Dustin",,W,9,,0.00%,
804,806.0,P20004511,Utah,UT,11/8/16,Laurence,Kotlikoff,"Kotlikoff, Laurence",,W,9,,0.00%,
805,807.0,P20005260,Utah,UT,11/8/16,Tom ,Hoefling,"Hoefling, Tom ",,W,6,,0.00%,
806,808.0,P60015351,Utah,UT,11/8/16,Andrew D. ,Basiago,"Basiago, Andrew D. ",,W,4,,0.00%,
807,809.0,P60018017,Utah,UT,11/8/16,Emidio,Soltysik,"Soltysik, Emidio",,W,4,,0.00%,
808,810.0,P60020757,Utah,UT,11/8/16,Robert L.,Buchanan,"Buchanan, Robert L.",,W,1,,0.00%,
809,811.0,,Utah,UT,11/8/16,Jamin,Burton,"Burton, Jamin",,W,1,,0.00%,
810,812.0,P20002630,Utah,UT,11/8/16,"Sheila ""Samm""",Tittle,"Tittle, Sheila ""Samm""",,W,1,,0.00%,
811,813.0,,Utah,UT,11/8/16,Tony,Valdivia,"Valdivia, Tony",,W,1,,0.00%,
812,814.0,,Utah,UT,11/8/16,,,,Total State Votes:,,,"1,131,430",,
813,815.0,,Utah,UT,11/8/16,,,,,,,,,
814,816.0,P00003392,Vermont,VT,11/8/16,Hillary,Clinton,"Clinton, Hillary",,DEM,"178,573",,56.68%,W
815,817.0,P80001571,Vermont,VT,11/8/16,Donald J.,Trump,"Trump, Donald J.",,REP,"95,369",,30.27%,
816,818.0,P60007168,Vermont,VT,11/8/16,Bernie,Sanders,"Sanders, Bernie",,W,"18,218",,5.78%,
817,819.0,P20002671,Vermont,VT,11/8/16,Gary,Johnson,"Johnson, Gary",,LIB,"10,078",,3.20%,
818,820.0,P20003984,Vermont,VT,11/8/16,Jill,Stein,"Stein, Jill",,GRE,"6,758",,2.14%,
819,821.0,,Vermont,VT,11/8/16,,Scattered,Scattered,,W,"1,478",,0.47%,
820,822.0,P60016342,Vermont,VT,11/8/16,Rocky ,De La Fuente,"De La Fuente, Rocky ",,IND,"1,063",,0.34%,
821,823.0,P60003670,Vermont,VT,11/8/16,John,Kasich,"Kasich, John",,W,827,,0.26%,
822,824.0,P60022654,Vermont,VT,11/8/16,Evan,McMullin,"McMullin, Evan",,W,640,,0.20%,
823,825.0,P80005572,Vermont,VT,11/8/16,Gloria,La Riva,"La Riva, Gloria",,LBU,327,,0.10%,
824,826.0,,Vermont,VT,11/8/16,Michael R.,Pence,"Pence, Michael R.",,W,298,,0.09%,
825,827.0,,Vermont,VT,11/8/16,,No Name,No Name,,W,255,,0.08%,
826,828.0,,Vermont,VT,11/8/16,Paul,Ryan,"Ryan, Paul",,W,208,,0.07%,
827,829.0,P80003353,Vermont,VT,11/8/16,Mitt,Romney,"Romney, Mitt",,W,120,,0.04%,
828,830.0,P60006723,Vermont,VT,11/8/16,Marco,Rubio,"Rubio, Marco",,W,93,,0.03%,
829,831.0,P60008059,Vermont,VT,11/8/16,Jeb,Bush,"Bush, Jeb",,W,79,,0.03%,
830,832.0,P80002801,Vermont,VT,11/8/16,John,McCain,"McCain, John",,W,76,,0.02%,
831,833.0,,Vermont,VT,11/8/16,Jim,Douglas,"Douglas, Jim",,W,75,,0.02%,
832,834.0,P60021102,Vermont,VT,11/8/16,Darryll,Castle,"Castle, Darryll",,W,63,,0.02%,
833,835.0,P60006111,Vermont,VT,11/8/16,Ted,Cruz,"Cruz, Ted",,W,63,,0.02%,
834,836.0,P60005915,Vermont,VT,11/8/16,Ben,Carson,"Carson, Ben",,W,61,,0.02%,
835,837.0,P80000722,Vermont,VT,11/8/16,Joe,Biden,"Biden, Joe",,W,57,,0.02%,
836,838.0,P40003576,Vermont,VT,11/8/16,Rand,Paul,"Paul, Rand",,W,26,,0.01%,
837,839.0,P80000748,Vermont,VT,11/8/16,Ron,Paul,"Paul, Ron",,W,25,,0.01%,
838,840.0,,Vermont,VT,11/8/16,Colin,Powell,"Powell, Colin",,W,25,,0.01%,
839,841.0,P80004740,Vermont,VT,11/8/16,Michael,Bloomberg,"Bloomberg, Michael",,W,22,,0.01%,
840,842.0,,Vermont,VT,11/8/16,Condoleeza,Rice,"Rice, Condoleeza",,W,18,,0.01%,
841,843.0,,Vermont,VT,11/8/16,Tulsi,Gabard,"Gabard, Tulsi",,W,17,,0.01%,
842,844.0,,Vermont,VT,11/8/16,Michelle,Obama,"Obama, Michelle",,W,15,,0.00%,
843,845.0,P60022787,Vermont,VT,11/8/16,Michael,Maturen,"Maturen, Michael",,W,14,,0.00%,
844,846.0,P60012796,Vermont,VT,11/8/16,Elizabeth,Warren,"Warren, Elizabeth",,W,13,,0.00%,
845,847.0,,Vermont,VT,11/8/16,Theo,Epstein,"Epstein, Theo",,W,11,,0.00%,
846,848.0,P60007242,Vermont,VT,11/8/16,Carly,Fiorina,"Fiorina, Carly",,W,11,,0.00%,
847,849.0,P80003478,Vermont,VT,11/8/16,Mike,Huckabee,"Huckabee, Mike",,W,11,,0.00%,
848,850.0,,Vermont,VT,11/8/16,Vermin,Supreme,"Supreme, Vermin",,W,10,,0.00%,
849,851.0,,Vermont,VT,11/8/16,Tom,Brady,"Brady, Tom",,W,9,,0.00%,
850,852.0,P80003338,Vermont,VT,11/8/16,Barack,Obama,"Obama, Barack",,W,8,,0.00%,
851,853.0,,Vermont,VT,11/8/16,David ,Ortiz,"Ortiz, David ",,W,8,,0.00%,
852,854.0,,Vermont,VT,11/8/16,Bill,Belichek,"Belichek, Bill",,W,7,,0.00%,
853,855.0,,Vermont,VT,11/8/16,Patrick,Leahy,"Leahy, Patrick",,W,7,,0.00%,
854,856.0,P20000527,Vermont,VT,11/8/16,Ralph,Nader,"Nader, Ralph",,W,7,,0.00%,
855,857.0,,Vermont,VT,11/8/16,Fred,Tuttle,"Tuttle, Fred",,W,6,,0.00%,
856,858.0,,Vermont,VT,11/8/16,William,Weld,"Weld, William",,W,5,,0.00%,
857,859.0,P60009917,Vermont,VT,11/8/16,Chris,Keniston,"Keniston, Chris",,W,3,,0.00%,
858,860.0,P20004511,Vermont,VT,11/8/16,Lawrence,Kotlikoff,"Kotlikoff, Lawrence",,W,3,,0.00%,
859,861.0,P80005473,Vermont,VT,11/8/16,Alyson Kennedy,Osborne,"Osborne, Alyson Kennedy",,W,2,,0.00%,
860,862.0,P60018017,Vermont,VT,11/8/16,Emilio,Soltysik,"Soltysik, Emilio",,W,2,,0.00%,
861,863.0,P20004677,Vermont,VT,11/8/16,Jerry,White,"White, Jerry",,W,2,,0.00%,
862,864.0,P60016623,Vermont,VT,11/8/16,Mike,Smith,"Smith, Mike",,W,1,,0.00%,
863,865.0,,Vermont,VT,11/8/16,,,,Total State Votes:,,,"315,067",,
864,866.0,,Vermont,VT,11/8/16,,,,,,,,,
865,867.0,,Vermont,VT,11/8/16,,,,,,,,,
866,868.0,,Vermont,VT,11/8/16,,,,,,,,,
867,869.0,P00003392,Virginia,VA,11/8/16,Hillary R.,Clinton,"Clinton, Hillary R.",,DEM,"1,981,473",,49.73%,W
868,870.0,P80001571,Virginia,VA,11/8/16,Donald J.,Trump,"Trump, Donald J.",,REP,"1,769,443",,44.41%,
869,871.0,P20002671,Virginia,VA,11/8/16,Gary,Johnson,"Johnson, Gary",,LIB,"118,274",,2.97%,
870,872.0,P60022654,Virginia,VA,11/8/16,Evan,McMullin,"McMullin, Evan",,IND,"54,054",,1.36%,
871,873.0,,Virginia,VA,11/8/16,,All Others,All Others,,W,"33,749",,0.85%,
872,874.0,P20003984,Virginia,VA,11/8/16,Jill,Stein,"Stein, Jill",,GRE,"27,638",,0.69%,
873,875.0,,Virginia,VA,11/8/16,,,,Total State Votes:,,,"3,984,631",,
874,876.0,,Virginia,VA,11/8/16,,,,,,,,,
875,877.0,P00003392,Washington,WA,11/8/16,Hillary,Clinton,"Clinton, Hillary",,DEM,"1,742,718",,52.54%,W
876,878.0,P80001571,Washington,WA,11/8/16,Donald J.,Trump,"Trump, Donald J.",,REP,"1,221,747",,36.83%,
877,879.0,P20002671,Washington,WA,11/8/16,Gary,Johnson,"Johnson, Gary",,LIB,"160,879",,4.85%,
878,880.0,,Washington,WA,11/8/16,,Scattered,Scattered,,W,"107,805",,3.25%,
879,881.0,P20003984,Washington,WA,11/8/16,Jill,Stein,"Stein, Jill",,GRE,"58,417",,1.76%,
880,882.0,P60021102,Washington,WA,11/8/16,Darrell L.,Castle,"Castle, Darrell L.",,CON,"17,623",,0.53%,
881,883.0,P80005473,Washington,WA,11/8/16,Alyson,Kennedy,"Kennedy, Alyson",,SWP,"4,307",,0.13%,
882,884.0,P80005572,Washington,WA,11/8/16,Gloria Estela,La Riva,"La Riva, Gloria Estela",,SLP,"3,523",,0.11%,
883,885.0,,Washington,WA,11/8/16,,,,Total State Votes:,,,"3,317,019",,
884,886.0,,Washington,WA,11/8/16,,,,,,,,,
885,887.0,P80001571,West Virginia,WV,11/8/16,Donald J.,Trump,"Trump, Donald J.",,REP,"489,371",,68.50%,W
886,888.0,P00003392,West Virginia,WV,11/8/16,Hillary,Clinton,"Clinton, Hillary",,DEM,"188,794",,26.43%,
887,889.0,P20002671,West Virginia,WV,11/8/16,Gary,Johnson,"Johnson, Gary",,LIB,"23,004",,3.22%,
888,890.0,P20003984,West Virginia,WV,11/8/16,Jill,Stein,"Stein, Jill",,MTP,"8,075",,1.13%,
889,891.0,P60021102,West Virginia,WV,11/8/16,Darrell L.,Castle,"Castle, Darrell L.",,CON,"3,807",,0.53%,
890,892.0,P60022654,West Virginia,WV,11/8/16,Evan,McMullin,"McMullin, Evan",,W,"1,104",,0.15%,
891,893.0,P60021185,West Virginia,WV,11/8/16,Kevin,Moreau,"Moreau, Kevin",,W,216,,0.03%,
892,894.0,P60018769,West Virginia,WV,11/8/16,William Roger,Smith,"Smith, William Roger",,W,13,,0.00%,
893,895.0,P20005260,West Virginia,WV,11/8/16,Tom ,Hoefling,"Hoefling, Tom ",,W,10,,0.00%,
894,896.0,P60015351,West Virginia,WV,11/8/16,Andrew D. ,Basiago,"Basiago, Andrew D. ",,W,4,,0.00%,
895,897.0,P20004511,West Virginia,WV,11/8/16,Laurence,Kotlikoff,"Kotlikoff, Laurence",,W,4,,0.00%,
896,898.0,P60020757,West Virginia,WV,11/8/16,Robert L.,Buchanan,"Buchanan, Robert L.",,W,3,,0.00%,
897,899.0,P60016342,West Virginia,WV,11/8/16,Rocky ,De La Fuente,"De La Fuente, Rocky ",,W,3,,0.00%,
898,900.0,,West Virginia,WV,11/8/16,David ,Limbaugh,"Limbaugh, David ",,W,3,,0.00%,
899,901.0,P80005572,West Virginia,WV,11/8/16,Gloria,Lariva,"Lariva, Gloria",,W,2,,0.00%,
900,902.0,P60004868,West Virginia,WV,11/8/16,Darryl W.,Perry,"Perry, Darryl W.",,W,2,,0.00%,
901,903.0,P60016623,West Virginia,WV,11/8/16,Mike,Smith,"Smith, Mike",,W,2,,0.00%,
902,904.0,P20004677,West Virginia,WV,11/8/16,Jerry ,White,"White, Jerry ",,W,2,,0.00%,
903,905.0,,West Virginia,WV,11/8/16,Richard,Duncan,"Duncan, Richard",,W,1,,0.00%,
904,906.0,,West Virginia,WV,11/8/16,Ben ,Hartnell,"Hartnell, Ben ",,W,1,,0.00%,
905,907.0,P60018249,West Virginia,WV,11/8/16,Joseph,Maldonado,"Maldonado, Joseph",,W,1,,0.00%,
906,908.0,,West Virginia,WV,11/8/16,Mitchell,Williams,"Williams, Mitchell",,W,1,,0.00%,
907,909.0,,West Virginia,WV,11/8/16,,,,Total State Votes:,,,"714,423",,
908,910.0,,West Virginia,WV,11/8/16,,,,,,,,,
909,911.0,P80001571,Wisconsin,WI,11/8/16,Donald J.,Trump,"Trump, Donald J.",,REP,"1,405,284",,47.22%,W
910,912.0,P00003392,Wisconsin,WI,11/8/16,Hillary,Clinton,"Clinton, Hillary",,DEM,"1,382,536",,46.45%,
911,913.0,P20002671,Wisconsin,WI,11/8/16,Gary,Johnson,"Johnson, Gary",,LIB,"106,674",,3.58%,
912,914.0,,Wisconsin,WI,11/8/16,,Scattered,Scattered,,W,"22,764",,0.76%,
913,915.0,P60021102,Wisconsin,WI,11/8/16,Darrell L.,Castle,"Castle, Darrell L.",,CON,"12,162",,0.41%,
914,916.0,P60022654,Wisconsin,WI,11/8/16,Evan,McMullin,"McMullin, Evan",,W,"11,855",,0.40%,
915,917.0,P20003984,Wisconsin,WI,11/8/16,Jill,Stein,"Stein, Jill",,WG,"31,072",,1.04%,
916,918.0,P60004405,Wisconsin,WI,11/8/16,Monica,Moorehead,"Moorehead, Monica",,WW,"1,770",,0.06%,
917,919.0,P60016342,Wisconsin,WI,11/8/16,Rocky Roque,De La Fuente,"De La Fuente, Rocky Roque",,ADP,"1,502",,0.05%,
918,920.0,P60022787,Wisconsin,WI,11/8/16,Michael A.,Maturen,"Maturen, Michael A.",,W,284,,0.01%,
919,921.0,P20005260,Wisconsin,WI,11/8/16,Tom ,Hoefling,"Hoefling, Tom ",,W,80,,0.00%,
920,922.0,P60009917,Wisconsin,WI,11/8/16,Chris,Keniston,"Keniston, Chris",,W,67,,0.00%,
921,923.0,P60005303,Wisconsin,WI,11/8/16,Cherunda,Fox,"Fox, Cherunda",,W,47,,0.00%,
922,924.0,P60018017,Wisconsin,WI,11/8/16,Emidio,Soltysik,"Soltysik, Emidio",,W,33,,0.00%,
923,925.0,P20004511,Wisconsin,WI,11/8/16,Laurence,Kotlikoff,"Kotlikoff, Laurence",,W,15,,0.00%,
924,926.0,P60018249,Wisconsin,WI,11/8/16,Joseph,Maldonado,"Maldonado, Joseph",,W,4,,0.00%,
925,927.0,,Wisconsin,WI,11/8/16,Marshall,Schoenke,"Schoenke, Marshall",,W,1,,0.00%,
926,928.0,,Wisconsin,WI,11/8/16,,,,Total State Votes:,,,"2,976,150",,
927,929.0,,Wisconsin,WI,11/8/16,,,,,,,,,
928,930.0,P80001571,Wyoming,WY,11/8/16,Donald J.,Trump,"Trump, Donald J.",,REP,"174,419",,68.17%,W
929,931.0,P00003392,Wyoming,WY,11/8/16,Hillary,Clinton,"Clinton, Hillary",,DEM,"55,973",,21.88%,
930,932.0,P20002671,Wyoming,WY,11/8/16,Gary,Johnson,"Johnson, Gary",,LIB,"13,287",,5.19%,
931,933.0,,Wyoming,WY,11/8/16,,Scattered,Scattered,,W,"6,904",,2.70%,
932,934.0,P20003984,Wyoming,WY,11/8/16,Jill,Stein,"Stein, Jill",,IND,"2,515",,0.98%,
933,935.0,P60021102,Wyoming,WY,11/8/16,Darrell,Castle,"Castle, Darrell",,CON,"2,042",,0.80%,
934,936.0,P60016342,Wyoming,WY,11/8/16,"""Rocky"" Roque",De La Fuente,"De La Fuente, ""Rocky"" Roque",,IND,709,,0.28%,
935,937.0,,Wyoming,WY,11/8/16,,,,Total State Votes:,,,"255,849",,
936,938.0,,Wyoming,WY,11/8/16,,,,,,,,,
937,,,,,,,,,,,,,,
938,,,,,,,,,,,,,,
939,,,,,,,,,,,,,,
940,,,,,,,,,,,,,,
941,,,,,,,,,,,,,,
942,,,,,,,,,,,,,,
943,,,,,,,,,,,,,,
944,,,,,,,,,,,,,,
945,,,,,,,,,,,,,,
946,,,,,,,,,,,,,,
947,,,,,,,,,,,,,,
948,,,,,,,,,,,,,,
949,,,,,,,,,,,,,,
950,,,,,,,,,,,,,,
951,,,,,,,,,,,,,,
952,,,,,,,,,,,,,,
953,,,,,,,,,,,,,,
954,,,,,,,,,,,,,,
955,,,,,,,,,,,,,,
956,,,,,,,,,,,,,,
957,,,,,,,,,,,,,,
958,,,,,,,,,,,,,,
959,,,,,,,,,,,,,,
960,,,,,,,,,,,,,,
961,,,,,,,,,,,,,,
962,,,,,,,,,,,,,,
963,,,,,,,,,,,,,,
964,,,,,,,,,,,,,,
965,,,,,,,,,,,,,,
966,,,,,,,,,,,,,,
967,,,,,,,,,,,,,,
968,,,,,,,,,,,,,,
969,,,,,,,,,,,,,,
970,,,,,,,,,,,,,,
971,,,,,,,,,,,,,,
972,,,,,,,,,,,,,,
973,,,,,,,,,,,,,,
974,,,,,,,,,,,,,,
975,,,,,,,,,,,,,,
976,,,,,,,,,,,,,,
977,,,,,,,,,,,,,,
978,,,,,,,,,,,,,,
979,,,,,,,,,,,,,,
980,,,,,,,,,,,,,,
981,,,,,,,,,,,,,,
982,,,,,,,,,,,,,,
983,,,,,,,,,,,,,,
984,,,,,,,,,,,,,,
985,,,,,,,,,,,,,,
986,,,,,,,,,,,,,,
987,,,,,,,,,,,,,,
988,,,,,,,,,,,,,,
989,,,,,,,,,,,,,,
990,,,,,,,,,,,,,,
991,,,,,,,,,,,,,,
992,,,,,,,,,,,,,,
993,,,,,,,,,,,,,,
994,,,,,,,,,,,,,,
995,,,,,,,,,,,,,,
996,,,,,,,,,,,,,,
997,,,,,,,,,,,,,,
998,,,,,,,,,,,,,,
999,,,,,,,,,,,,,,
1000,,,,,,,,,,,,,,
1001,,,,,,,,,,,,,,
1002,,,,,,,,,,,,,,
1003,,,,,,,,,,,,,,
1004,,,,,,,,,,,,,,
1005,,,,,,,,,,,,,,
1006,,,,,,,,,,,,,,
1007,,,,,,,,,,,,,,
1008,,,,,,,,,,,,,,
1009,,,,,,,,,,,,,,
1010,,,,,,,,,,,,,,
1011,,,,,,,,,,,,,,
1012,,,,,,,,,,,,,,
1013,,,,,,,,,,,,,,
1014,,,,,,,,,,,,,,
1015,,,,,,,,,,,,,,
1016,,,,,,,,,,,,,,
1017,,,,,,,,,,,,,,
1018,,,,,,,,,,,,,,
1019,,,,,,,,,,,,,,
1020,,,,,,,,,,,,,,
1021,,,,,,,,,,,,,,
1022,,,,,,,,,,,,,,
1023,,,,,,,,,,,,,,
1024,,,,,,,,,,,,,,
1025,,,,,,,,,,,,,,
1026,,,,,,,,,,,,,,
1027,,,,,,,,,,,,,,
1028,,,,,,,,,,,,,,
1029,,,,,,,,,,,,,,
1030,,,,,,,,,,,,,,
1031,,,,,,,,,,,,,,
1032,,,,,,,,,,,,,,
1033,,,,,,,,,,,,,,
1034,,,,,,,,,,,,,,
1035,,,,,,,,,,,,,,
1036,,,,,,,,,,,,,,
1037,,,,,,,,,,,,,,
1038,,,,,,,,,,,,,,
1039,,,,,,,,,,,,,,
1040,,,,,,,,,,,,,,
1041,,,,,,,,,,,,,,
1042,,,,,,,,,,,,,,
1043,,,,,,,,,,,,,,
1044,,,,,,,,,,,,,,
1045,,,,,,,,,,,,,,
1046,,,,,,,,,,,,,,
1047,,,,,,,,,,,,,,
1048,,,,,,,,,,,,,,
1049,,,,,,,,,,,,,,
1050,,,,,,,,,,,,,,
1051,,,,,,,,,,,,,,
1052,,,,,,,,,,,,,,
1053,,,,,,,,,,,,,,
1054,,,,,,,,,,,,,,
1055,,,,,,,,,,,,,,
1056,,,,,,,,,,,,,,
1057,,,,,,,,,,,,,,
1058,,,,,,,,,,,,,,
1059,,,,,,,,,,,,,,
1060,,,,,,,,,,,,,,
1061,,,,,,,,,,,,,,
1062,,,,,,,,,,,,,,
1063,,,,,,,,,,,,,,
1064,,,,,,,,,,,,,,
1065,,,,,,,,,,,,,,
1066,,,,,,,,,,,,,,
1067,,,,,,,,,,,,,,
1068,,,,,,,,,,,,,,
1069,,,,,,,,,,,,,,
1070,,,,,,,,,,,,,,
1071,,,,,,,,,,,,,,
1072,,,,,,,,,,,,,,
1073,,,,,,,,,,,,,,
1074,,,,,,,,,,,,,,
1075,,,,,,,,,,,,,,
1076,,,,,,,,,,,,,,
1077,,,,,,,,,,,,,,
1078,,,,,,,,,,,,,,
1079,,,,,,,,,,,,,,
1080,,,,,,,,,,,,,,
1081,,,,,,,,,,,,,,
1082,,,,,,,,,,,,,,
1083,,,,,,,,,,,,,,
1084,,,,,,,,,,,,,,
1085,,,,,,,,,,,,,,
1086,,,,,,,,,,,,,,
1087,,,,,,,,,,,,,,
1088,,,,,,,,,,,,,,
1089,,,,,,,,,,,,,,
1090,,,,,,,,,,,,,,
1091,,,,,,,,,,,,,,
1092,,,,,,,,,,,,,,
1093,,,,,,,,,,,,,,
1094,,,,,,,,,,,,,,
1095,,,,,,,,,,,,,,
1096,,,,,,,,,,,,,,
1097,,,,,,,,,,,,,,
1098,,,,,,,,,,,,,,
1099,,,,,,,,,,,,,,
1100,,,,,,,,,,,,,,
1101,,,,,,,,,,,,,,
1102,,,,,,,,,,,,,,
1103,,,,,,,,,,,,,,
1104,,,,,,,,,,,,,,
1105,,,,,,,,,,,,,,
1106,,,,,,,,,,,,,,
1107,,,,,,,,,,,,,,
1108,,,,,,,,,,,,,,
1109,,,,,,,,,,,,,,
1110,,,,,,,,,,,,,,
1111,,,,,,,,,,,,,,
1112,,,,,,,,,,,,,,
1113,,,,,,,,,,,,,,
1114,,,,,,,,,,,,,,
1115,,,,,,,,,,,,,,
1116,,,,,,,,,,,,,,
1117,,,,,,,,,,,,,,
1118,,,,,,,,,,,,,,
1119,,,,,,,,,,,,,,
1120,,,,,,,,,,,,,,
1121,,,,,,,,,,,,,,
1122,,,,,,,,,,,,,,
1123,,,,,,,,,,,,,,
1124,,,,,,,,,,,,,,
1125,,,,,,,,,,,,,,
1126,,,,,,,,,,,,,,
1127,,,,,,,,,,,,,,
1128,,,,,,,,,,,,,,
1129,,,,,,,,,,,,,,
1130,,,,,,,,,,,,,,
1131,,,,,,,,,,,,,,
1132,,,,,,,,,,,,,,
1133,,,,,,,,,,,,,,
1134,,,,,,,,,,,,,,
1135,,,,,,,,,,,,,,
1136,,,,,,,,,,,,,,
1137,,,,,,,,,,,,,,
1138,,,,,,,,,,,,,,
1139,,,,,,,,,,,,,,
1140,,,,,,,,,,,,,,
1141,,,,,,,,,,,,,,
1142,,,,,,,,,,,,,,
1143,,,,,,,,,,,,,,
1144,,,,,,,,,,,,,,
1145,,,,,,,,,,,,,,
1146,,,,,,,,,,,,,,
1147,,,,,,,,,,,,,,
1148,,,,,,,,,,,,,,
1149,,,,,,,,,,,,,,
1150,,,,,,,,,,,,,,
1151,,,,,,,,,,,,,,
1152,,,,,,,,,,,,,,
1153,,,,,,,,,,,,,,
1154,,,,,,,,,,,,,,
1155,,,,,,,,,,,,,,
1156,,,,,,,,,,,,,,
1157,,,,,,,,,,,,,,
1158,,,,,,,,,,,,,,
1159,,,,,,,,,,,,,,
1160,,,,,,,,,,,,,,
1161,,,,,,,,,,,,,,
1162,,,,,,,,,,,,,,
1163,,,,,,,,,,,,,,
1164,,,,,,,,,,,,,,
1165,,,,,,,,,,,,,,
1166,,,,,,,,,,,,,,
1167,,,,,,,,,,,,,,
1168,,,,,,,,,,,,,,
1169,,,,,,,,,,,,,,
1170,,,,,,,,,,,,,,
1171,,,,,,,,,,,,,,
1172,,,,,,,,,,,,,,
1173,,,,,,,,,,,,,,
1174,,,,,,,,,,,,,,
1175,,,,,,,,,,,,,,
1176,,,,,,,,,,,,,,
1177,,,,,,,,,,,,,,
1178,,,,,,,,,,,,,,
1179,,,,,,,,,,,,,,
1180,,,,,,,,,,,,,,
1181,,,,,,,,,,,,,,
1182,,,,,,,,,,,,,,
1183,,,,,,,,,,,,,,
1184,,,,,,,,,,,,,,
1185,,,,,,,,,,,,,,
1186,,,,,,,,,,,,,,
1187,,,,,,,,,,,,,,
1188,,,,,,,,,,,,,,
1189,,,,,,,,,,,,,,
1190,,,,,,,,,,,,,,
1191,,,,,,,,,,,,,,
1192,,,,,,,,,,,,,,
1193,,,,,,,,,,,,,,
1194,,,,,,,,,,,,,,
1195,,,,,,,,,,,,,,
1196,,,,,,,,,,,,,,
1197,,,,,,,,,,,,,,
1198,,,,,,,,,,,,,,
1199,,,,,,,,,,,,,,
1200,,,,,,,,,,,,,,
1201,,,,,,,,,,,,,,
1202,,,,,,,,,,,,,,
1203,,,,,,,,,,,,,,
1204,,,,,,,,,,,,,,
1205,,,,,,,,,,,,,,
1206,,,,,,,,,,,,,,
1207,,,,,,,,,,,,,,
1208,,,,,,,,,,,,,,
1209,,,,,,,,,,,,,,
1210,,,,,,,,,,,,,,
1211,,,,,,,,,,,,,,
1212,,,,,,,,,,,,,,
1213,,,,,,,,,,,,,,
1214,,,,,,,,,,,,,,
1215,,,,,,,,,,,,,,
1216,,,,,,,,,,,,,,
1217,,,,,,,,,,,,,,
1218,,,,,,,,,,,,,,
1219,,,,,,,,,,,,,,
1220,,,,,,,,,,,,,,
1221,,,,,,,,,,,,,,
1222,,,,,,,,,,,,,,
1223,,,,,,,,,,,,,,
1224,,,,,,,,,,,,,,
1225,,,,,,,,,,,,,,
1226,,,,,,,,,,,,,,
1227,,,,,,,,,,,,,,
1228,,,,,,,,,,,,,,
1229,,,,,,,,,,,,,,
1230,,,,,,,,,,,,,,
1231,,,,,,,,,,,,,,
1232,,,,,,,,,,,,,,
1233,,,,,,,,,,,,,,
1234,,,,,,,,,,,,,,
1235,,,,,,,,,,,,,,
1236,,,,,,,,,,,,,,
1237,,,,,,,,,,,,,,
1238,,,,,,,,,,,,,,
1239,,,,,,,,,,,,,,
1240,,,,,,,,,,,,,,
1241,,,,,,,,,,,,,,
1242,,,,,,,,,,,,,,
1243,,,,,,,,,,,,,,
1244,,,,,,,,,,,,,,
1245,,,,,,,,,,,,,,
1246,,,,,,,,,,,,,,
1247,,,,,,,,,,,,,,
1248,,,,,,,,,,,,,,
1249,,,,,,,,,,,,,,
1250,,,,,,,,,,,,,,
1251,,,,,,,,,,,,,,
1252,,,,,,,,,,,,,,
1253,,,,,,,,,,,,,,
1254,,,,,,,,,,,,,,
1255,,,,,,,,,,,,,,
1256,,,,,,,,,,,,,,
1257,,,,,,,,,,,,,,
1258,,,,,,,,,,,,,,
1259,,,,,,,,,,,,,,
1260,,,,,,,,,,,,,,
1261,,,,,,,,,,,,,,
1262,,,,,,,,,,,,,,
1263,,,,,,,,,,,,,,
1264,,,,,,,,,,,,,,
1265,,,,,,,,,,,,,,
1266,,,,,,,,,,,,,,
1267,,,,,,,,,,,,,,
1268,,,,,,,,,,,,,,
1269,,,,,,,,,,,,,,
1270,,,,,,,,,,,,,,
1271,,,,,,,,,,,,,,
1272,,,,,,,,,,,,,,
1273,,,,,,,,,,,,,,
1274,,,,,,,,,,,,,,
1275,,,,,,,,,,,,,,
1276,,,,,,,,,,,,,,
1277,,,,,,,,,,,,,,
1278,,,,,,,,,,,,,,
1279,,,,,,,,,,,,,,
1280,,,,,,,,,,,,,,
1281,,,,,,,,,,,,,,
1282,,,,,,,,,,,,,,
1283,,,,,,,,,,,,,,
1284,,,,,,,,,,,,,,
1285,,,,,,,,,,,,,,
1286,,,,,,,,,,,,,,
1287,,,,,,,,,,,,,,
1288,,,,,,,,,,,,,,
1289,,,,,,,,,,,,,,
1290,,,,,,,,,,,,,,
1291,,,,,,,,,,,,,,
1292,,,,,,,,,,,,,,
1293,,,,,,,,,,,,,,
1294,,,,,,,,,,,,,,
1295,,,,,,,,,,,,,,
1296,,,,,,,,,,,,,,
1297,,,,,,,,,,,,,,
1298,,,,,,,,,,,,,,
1299,,,,,,,,,,,,,,
1300,,,,,,,,,,,,,,
1301,,,,,,,,,,,,,,
1302,,,,,,,,,,,,,,
1303,,,,,,,,,,,,,,
1304,,,,,,,,,,,,,,
1305,,,,,,,,,,,,,,
1306,,,,,,,,,,,,,,
1307,,,,,,,,,,,,,,
1308,,,,,,,,,,,,,,
1309,,,,,,,,,,,,,,
1310,,,,,,,,,,,,,,
1311,,,,,,,,,,,,,,
1312,,,,,,,,,,,,,,
1313,,,,,,,,,,,,,,
1314,,,,,,,,,,,,,,
1315,,,,,,,,,,,,,,
1316,,,,,,,,,,,,,,
1317,,,,,,,,,,,,,,
1318,,,,,,,,,,,,,,
1319,,,,,,,,,,,,,,
1320,,,,,,,,,,,,,,
1321,,,,,,,,,,,,,,
1322,,,,,,,,,,,,,,
1323,,,,,,,,,,,,,,
1324,,,,,,,,,,,,,,
1325,,,,,,,,,,,,,,
1326,,,,,,,,,,,,,,
1327,,,,,,,,,,,,,,
1328,,,,,,,,,,,,,,
1329,,,,,,,,,,,,,,
1330,,,,,,,,,,,,,,
1331,,,,,,,,,,,,,,
1332,,,,,,,,,,,,,,
1333,,,,,,,,,,,,,,
1334,,,,,,,,,,,,,,
1335,,,,,,,,,,,,,,
1336,,,,,,,,,,,,,,
1337,,,,,,,,,,,,,,
1338,,,,,,,,,,,,,,
1339,,,,,,,,,,,,,,
1340,,,,,,,,,,,,,,
1341,,,,,,,,,,,,,,
1342,,,,,,,,,,,,,,
1343,,,,,,,,,,,,,,
1344,,,,,,,,,,,,,,
1345,,,,,,,,,,,,,,
1346,,,,,,,,,,,,,,
1347,,,,,,,,,,,,,,
1348,,,,,,,,,,,,,,
1349,,,,,,,,,,,,,,
1350,,,,,,,,,,,,,,
1351,,,,,,,,,,,,,,
1352,,,,,,,,,,,,,,
1353,,,,,,,,,,,,,,
1354,,,,,,,,,,,,,,
1355,,,,,,,,,,,,,,
1356,,,,,,,,,,,,,,
1357,,,,,,,,,,,,,,
1358,,,,,,,,,,,,,,
1359,,,,,,,,,,,,,,
1360,,,,,,,,,,,,,,
1361,,,,,,,,,,,,,,
1362,,,,,,,,,,,,,,
1363,,,,,,,,,,,,,,
1364,,,,,,,,,,,,,,
1365,,,,,,,,,,,,,,
1366,,,,,,,,,,,,,,
1367,,,,,,,,,,,,,,
1368,,,,,,,,,,,,,,
1369,,,,,,,,,,,,,,
1370,,,,,,,,,,,,,,
1371,,,,,,,,,,,,,,
1372,,,,,,,,,,,,,,
1373,,,,,,,,,,,,,,
1374,,,,,,,,,,,,,,
1375,,,,,,,,,,,,,,
1376,,,,,,,,,,,,,,
1377,,,,,,,,,,,,,,
1378,,,,,,,,,,,,,,
1379,,,,,,,,,,,,,,
1380,,,,,,,,,,,,,,
1381,,,,,,,,,,,,,,
1382,,,,,,,,,,,,,,
1383,,,,,,,,,,,,,,
1384,,,,,,,,,,,,,,
1385,,,,,,,,,,,,,,
1386,,,,,,,,,,,,,,
1387,,,,,,,,,,,,,,
1388,,,,,,,,,,,,,,
1389,,,,,,,,,,,,,,
1390,,,,,,,,,,,,,,
1391,,,,,,,,,,,,,,
1392,,,,,,,,,,,,,,
1393,,,,,,,,,,,,,,
1394,,,,,,,,,,,,,,
1395,,,,,,,,,,,,,,
1396,,,,,,,,,,,,,,
1397,,,,,,,,,,,,,,
1398,,,,,,,,,,,,,,
1399,,,,,,,,,,,,,,
1400,,,,,,,,,,,,,,
1401,,,,,,,,,,,,,,
1402,,,,,,,,,,,,,,
1403,,,,,,,,,,,,,,
1404,,,,,,,,,,,,,,
1405,,,,,,,,,,,,,,
1406,,,,,,,,,,,,,,
1407,,,,,,,,,,,,,,
1408,,,,,,,,,,,,,,
1409,,,,,,,,,,,,,,
1410,,,,,,,,,,,,,,
1411,,,,,,,,,,,,,,
1412,,,,,,,,,,,,,,
1413,,,,,,,,,,,,,,
1414,,,,,,,,,,,,,,
1415,,,,,,,,,,,,,,
1416,,,,,,,,,,,,,,
1417,,,,,,,,,,,,,,
1418,,,,,,,,,,,,,,
1419,,,,,,,,,,,,,,
1420,,,,,,,,,,,,,,
1421,,,,,,,,,,,,,,
1422,,,,,,,,,,,,,,
1423,,,,,,,,,,,,,,
1424,,,,,,,,,,,,,,
1425,,,,,,,,,,,,,,
1426,,,,,,,,,,,,,,
1427,,,,,,,,,,,,,,
1428,,,,,,,,,,,,,,
1429,,,,,,,,,,,,,,
1430,,,,,,,,,,,,,,
1431,,,,,,,,,,,,,,
1432,,,,,,,,,,,,,,
1433,,,,,,,,,,,,,,
1434,,,,,,,,,,,,,,
1435,,,,,,,,,,,,,,
1436,,,,,,,,,,,,,,
1437,,,,,,,,,,,,,,
1438,,,,,,,,,,,,,,
1439,,,,,,,,,,,,,,
1440,,,,,,,,,,,,,,
1441,,,,,,,,,,,,,,
1442,,,,,,,,,,,,,,
1443,,,,,,,,,,,,,,
1444,,,,,,,,,,,,,,
1445,,,,,,,,,,,,,,
1446,,,,,,,,,,,,,,
1447,,,,,,,,,,,,,,
1448,,,,,,,,,,,,,,
1449,,,,,,,,,,,,,,
1450,,,,,,,,,,,,,,
1451,,,,,,,,,,,,,,
1452,,,,,,,,,,,,,,
1453,,,,,,,,,,,,,,
1454,,,,,,,,,,,,,,
1455,,,,,,,,,,,,,,
1456,,,,,,,,,,,,,,
1457,,,,,,,,,,,,,,
1458,,,,,,,,,,,,,,
1459,,,,,,,,,,,,,,
1460,,,,,,,,,,,,,,
1461,,,,,,,,,,,,,,
1462,,,,,,,,,,,,,,
1463,,,,,,,,,,,,,,
1464,,,,,,,,,,,,,,
1465,,,,,,,,,,,,,,
1466,,,,,,,,,,,,,,
1467,,,,,,,,,,,,,,
1468,,,,,,,,,,,,,,
1469,,,,,,,,,,,,,,
1470,,,,,,,,,,,,,,
1471,,,,,,,,,,,,,,
1472,,,,,,,,,,,,,,
1473,,,,,,,,,,,,,,
1474,,,,,,,,,,,,,,
1475,,,,,,,,,,,,,,
1476,,,,,,,,,,,,,,
1477,,,,,,,,,,,,,,
1478,,,,,,,,,,,,,,
1479,,,,,,,,,,,,,,
1480,,,,,,,,,,,,,,
1481,,,,,,,,,,,,,,
1482,,,,,,,,,,,,,,
1483,,,,,,,,,,,,,,
1484,,,,,,,,,,,,,,
1485,,,,,,,,,,,,,,
1486,,,,,,,,,,,,,,
1487,,,,,,,,,,,,,,
1488,,,,,,,,,,,,,,
1489,,,,,,,,,,,,,,
1490,,,,,,,,,,,,,,
1491,,,,,,,,,,,,,,
1492,,,,,,,,,,,,,,
1493,,,,,,,,,,,,,,
1494,,,,,,,,,,,,,,
1495,,,,,,,,,,,,,,
1496,,,,,,,,,,,,,,
1497,,,,,,,,,,,,,,
1498,,,,,,,,,,,,,,
1499,,,,,,,,,,,,,,
1500,,,,,,,,,,,,,,
1501,,,,,,,,,,,,,,
1502,,,,,,,,,,,,,,
1503,,,,,,,,,,,,,,
1504,,,,,,,,,,,,,,
1505,,,,,,,,,,,,,,
1506,,,,,,,,,,,,,,
1507,,,,,,,,,,,,,,
1508,,,,,,,,,,,,,,
1509,,,,,,,,,,,,,,
1510,,,,,,,,,,,,,,
1511,,,,,,,,,,,,,,
1512,,,,,,,,,,,,,,
1513,,,,,,,,,,,,,,
1514,,,,,,,,,,,,,,
1515,,,,,,,,,,,,,,
1516,,,,,,,,,,,,,,
1517,,,,,,,,,,,,,,
1518,,,,,,,,,,,,,,
1519,,,,,,,,,,,,,,
1520,,,,,,,,,,,,,,
1521,,,,,,,,,,,,,,
1522,,,,,,,,,,,,,,
1523,,,,,,,,,,,,,,
1524,,,,,,,,,,,,,,
1525,,,,,,,,,,,,,,
1526,,,,,,,,,,,,,,
1527,,,,,,,,,,,,,,
1528,,,,,,,,,,,,,,
1529,,,,,,,,,,,,,,
1530,,,,,,,,,,,,,,
1531,,,,,,,,,,,,,,
1532,,,,,,,,,,,,,,
1533,,,,,,,,,,,,,,
1534,,,,,,,,,,,,,,
1535,,,,,,,,,,,,,,
1536,,,,,,,,,,,,,,
1537,,,,,,,,,,,,,,
1538,,,,,,,,,,,,,,
1539,,,,,,,,,,,,,,
1540,,,,,,,,,,,,,,
1541,,,,,,,,,,,,,,
1542,,,,,,,,,,,,,,
1543,,,,,,,,,,,,,,
1544,,,,,,,,,,,,,,
1545,,,,,,,,,,,,,,
1546,,,,,,,,,,,,,,
1547,,,,,,,,,,,,,,
1548,,,,,,,,,,,,,,
1549,,,,,,,,,,,,,,
1550,,,,,,,,,,,,,,
1551,,,,,,,,,,,,,,
1552,,,,,,,,,,,,,,
1553,,,,,,,,,,,,,,
1554,,,,,,,,,,,,,,
1555,,,,,,,,,,,,,,
1556,,,,,,,,,,,,,,
1557,,,,,,,,,,,,,,
1558,,,,,,,,,,,,,,
1559,,,,,,,,,,,,,,
1560,,,,,,,,,,,,,,
1561,,,,,,,,,,,,,,
1562,,,,,,,,,,,,,,
1563,,,,,,,,,,,,,,
1564,,,,,,,,,,,,,,
1565,,,,,,,,,,,,,,
1566,,,,,,,,,,,,,,
1567,,,,,,,,,,,,,,
1568,,,,,,,,,,,,,,
1569,,,,,,,,,,,,,,
1570,,,,,,,,,,,,,,
1571,,,,,,,,,,,,,,
1572,,,,,,,,,,,,,,
1573,,,,,,,,,,,,,,
1574,,,,,,,,,,,,,,
1575,,,,,,,,,,,,,,
1576,,,,,,,,,,,,,,
1577,,,,,,,,,,,,,,
1578,,,,,,,,,,,,,,
1579,,,,,,,,,,,,,,
1580,,,,,,,,,,,,,,
1581,,,,,,,,,,,,,,
1582,,,,,,,,,,,,,,
1583,,,,,,,,,,,,,,
1584,,,,,,,,,,,,,,
1585,,,,,,,,,,,,,,
1586,,,,,,,,,,,,,,
1587,,,,,,,,,,,,,,
1588,,,,,,,,,,,,,,
1589,,,,,,,,,,,,,,
1590,,,,,,,,,,,,,,
1591,,,,,,,,,,,,,,
1592,,,,,,,,,,,,,,
1593,,,,,,,,,,,,,,
1594,,,,,,,,,,,,,,
1595,,,,,,,,,,,,,,
1596,,,,,,,,,,,,,,
1597,,,,,,,,,,,,,,
1598,,,,,,,,,,,,,,
1599,,,,,,,,,,,,,,
1600,,,,,,,,,,,,,,
1601,,,,,,,,,,,,,,
1602,,,,,,,,,,,,,,
1603,,,,,,,,,,,,,,
1604,,,,,,,,,,,,,,
1605,,,,,,,,,,,,,,
1606,,,,,,,,,,,,,,
1607,,,,,,,,,,,,,,
1608,,,,,,,,,,,,,,
1609,,,,,,,,,,,,,,
1610,,,,,,,,,,,,,,
1611,,,,,,,,,,,,,,
1612,,,,,,,,,,,,,,
1613,,,,,,,,,,,,,,
1614,,,,,,,,,,,,,,
1615,,,,,,,,,,,,,,
1616,,,,,,,,,,,,,,
1617,,,,,,,,,,,,,,
1618,,,,,,,,,,,,,,
1619,,,,,,,,,,,,,,
1620,,,,,,,,,,,,,,
1621,,,,,,,,,,,,,,
1622,,,,,,,,,,,,,,
1623,,,,,,,,,,,,,,
1624,,,,,,,,,,,,,,
1625,,,,,,,,,,,,,,
1626,,,,,,,,,,,,,,
1627,,,,,,,,,,,,,,
1628,,,,,,,,,,,,,,
1629,,,,,,,,,,,,,,
1630,,,,,,,,,,,,,,
1631,,,,,,,,,,,,,,
1632,,,,,,,,,,,,,,
1633,,,,,,,,,,,,,,
1634,,,,,,,,,,,,,,
1635,,,,,,,,,,,,,,
1636,,,,,,,,,,,,,,
1637,,,,,,,,,,,,,,
1638,,,,,,,,,,,,,,
1639,,,,,,,,,,,,,,
1640,,,,,,,,,,,,,,
1641,,,,,,,,,,,,,,
1642,,,,,,,,,,,,,,
1643,,,,,,,,,,,,,,
1644,,,,,,,,,,,,,,
1645,,,,,,,,,,,,,,
1646,,,,,,,,,,,,,,
1647,,,,,,,,,,,,,,
1648,,,,,,,,,,,,,,
1649,,,,,,,,,,,,,,
1650,,,,,,,,,,,,,,
1651,,,,,,,,,,,,,,
1652,,,,,,,,,,,,,,
1653,,,,,,,,,,,,,,
1654,,,,,,,,,,,,,,
1655,,,,,,,,,,,,,,
1656,,,,,,,,,,,,,,
1657,,,,,,,,,,,,,,
1658,,,,,,,,,,,,,,
1659,,,,,,,,,,,,,,
1660,,,,,,,,,,,,,,
1661,,,,,,,,,,,,,,
1662,,,,,,,,,,,,,,
1663,,,,,,,,,,,,,,
1664,,,,,,,,,,,,,,
1665,,,,,,,,,,,,,,
1666,,,,,,,,,,,,,,
1667,,,,,,,,,,,,,,
1668,,,,,,,,,,,,,,
1669,,,,,,,,,,,,,,
1670,,,,,,,,,,,,,,
1671,,,,,,,,,,,,,,
1672,,,,,,,,,,,,,,
1673,,,,,,,,,,,,,,
1674,,,,,,,,,,,,,,
1675,,,,,,,,,,,,,,
1676,,,,,,,,,,,,,,
1677,,,,,,,,,,,,,,
1678,,,,,,,,,,,,,,
1679,,,,,,,,,,,,,,
1680,,,,,,,,,,,,,,
1681,,,,,,,,,,,,,,
1682,,,,,,,,,,,,,,
1683,,,,,,,,,,,,,,
1684,,,,,,,,,,,,,,
1685,,,,,,,,,,,,,,
1686,,,,,,,,,,,,,,
1687,,,,,,,,,,,,,,
1688,,,,,,,,,,,,,,
1689,,,,,,,,,,,,,,
1690,,,,,,,,,,,,,,
1691,,,,,,,,,,,,,,
1692,,,,,,,,,,,,,,
1693,,,,,,,,,,,,,,
1694,,,,,,,,,,,,,,
1695,,,,,,,,,,,,,,
1696,,,,,,,,,,,,,,
1697,,,,,,,,,,,,,,
1698,,,,,,,,,,,,,,
1699,,,,,,,,,,,,,,
1700,,,,,,,,,,,,,,
1701,,,,,,,,,,,,,,
1702,,,,,,,,,,,,,,
1703,,,,,,,,,,,,,,
1704,,,,,,,,,,,,,,
1705,,,,,,,,,,,,,,
1706,,,,,,,,,,,,,,
1707,,,,,,,,,,,,,,
1708,,,,,,,,,,,,,,
1709,,,,,,,,,,,,,,
1710,,,,,,,,,,,,,,
1711,,,,,,,,,,,,,,
1712,,,,,,,,,,,,,,
1713,,,,,,,,,,,,,,
1714,,,,,,,,,,,,,,
1715,,,,,,,,,,,,,,
1716,,,,,,,,,,,,,,
1717,,,,,,,,,,,,,,
1718,,,,,,,,,,,,,,
1719,,,,,,,,,,,,,,
1720,,,,,,,,,,,,,,
1721,,,,,,,,,,,,,,
1722,,,,,,,,,,,,,,
1723,,,,,,,,,,,,,,
1724,,,,,,,,,,,,,,
1725,,,,,,,,,,,,,,
1726,,,,,,,,,,,,,,
1727,,,,,,,,,,,,,,
1728,,,,,,,,,,,,,,
1729,,,,,,,,,,,,,,
1730,,,,,,,,,,,,,,
1731,,,,,,,,,,,,,,
1732,,,,,,,,,,,,,,
1733,,,,,,,,,,,,,,
1734,,,,,,,,,,,,,,
1735,,,,,,,,,,,,,,
1736,,,,,,,,,,,,,,
1737,,,,,,,,,,,,,,
1738,,,,,,,,,,,,,,
1739,,,,,,,,,,,,,,
1740,,,,,,,,,,,,,,
1741,,,,,,,,,,,,,,
1742,,,,,,,,,,,,,,
1743,,,,,,,,,,,,,,
1744,,,,,,,,,,,,,,
1745,,,,,,,,,,,,,,
1746,,,,,,,,,,,,,,
1747,,,,,,,,,,,,,,
1748,,,,,,,,,,,,,,
1749,,,,,,,,,,,,,,
1750,,,,,,,,,,,,,,
1751,,,,,,,,,,,,,,
1752,,,,,,,,,,,,,,
1753,,,,,,,,,,,,,,
1754,,,,,,,,,,,,,,
1755,,,,,,,,,,,,,,
1756,,,,,,,,,,,,,,
1757,,,,,,,,,,,,,,
1758,,,,,,,,,,,,,,
1759,,,,,,,,,,,,,,
1760,,,,,,,,,,,,,,
1761,,,,,,,,,,,,,,
1762,,,,,,,,,,,,,,
1763,,,,,,,,,,,,,,
1764,,,,,,,,,,,,,,
1765,,,,,,,,,,,,,,
1766,,,,,,,,,,,,,,
1767,,,,,,,,,,,,,,
1768,,,,,,,,,,,,,,
1769,,,,,,,,,,,,,,
1770,,,,,,,,,,,,,,
1771,,,,,,,,,,,,,,
1772,,,,,,,,,,,,,,
1773,,,,,,,,,,,,,,
1774,,,,,,,,,,,,,,
1775,,,,,,,,,,,,,,
1776,,,,,,,,,,,,,,
1777,,,,,,,,,,,,,,
1778,,,,,,,,,,,,,,
1779,,,,,,,,,,,,,,
1780,,,,,,,,,,,,,,
1781,,,,,,,,,,,,,,
1782,,,,,,,,,,,,,,
1783,,,,,,,,,,,,,,
1784,,,,,,,,,,,,,,
1785,,,,,,,,,,,,,,
1786,,,,,,,,,,,,,,
1787,,,,,,,,,,,,,,
1788,,,,,,,,,,,,,,
1789,,,,,,,,,,,,,,
1790,,,,,,,,,,,,,,
1791,,,,,,,,,,,,,,
1792,,,,,,,,,,,,,,
1793,,,,,,,,,,,,,,
1794,,,,,,,,,,,,,,
1795,,,,,,,,,,,,,,
1796,,,,,,,,,,,,,,
1797,,,,,,,,,,,,,,
1798,,,,,,,,,,,,,,
1799,,,,,,,,,,,,,,
1800,,,,,,,,,,,,,,
1801,,,,,,,,,,,,,,
1802,,,,,,,,,,,,,,
1803,,,,,,,,,,,,,,
1804,,,,,,,,,,,,,,
1805,,,,,,,,,,,,,,
1806,,,,,,,,,,,,,,
1807,,,,,,,,,,,,,,
1808,,,,,,,,,,,,,,
1809,,,,,,,,,,,,,,
1810,,,,,,,,,,,,,,
1811,,,,,,,,,,,,,,
1812,,,,,,,,,,,,,,
1813,,,,,,,,,,,,,,
1814,,,,,,,,,,,,,,
1815,,,,,,,,,,,,,,
1816,,,,,,,,,,,,,,
1817,,,,,,,,,,,,,,
1818,,,,,,,,,,,,,,
1819,,,,,,,,,,,,,,
1820,,,,,,,,,,,,,,
1821,,,,,,,,,,,,,,
1822,,,,,,,,,,,,,,
1823,,,,,,,,,,,,,,
1824,,,,,,,,,,,,,,
1825,,,,,,,,,,,,,,
1826,,,,,,,,,,,,,,
1827,,,,,,,,,,,,,,
1828,,,,,,,,,,,,,,
1829,,,,,,,,,,,,,,
1830,,,,,,,,,,,,,,
1831,,,,,,,,,,,,,,
1832,,,,,,,,,,,,,,
1833,,,,,,,,,,,,,,
1834,,,,,,,,,,,,,,
1835,,,,,,,,,,,,,,
1836,,,,,,,,,,,,,,
1837,,,,,,,,,,,,,,
1838,,,,,,,,,,,,,,
1839,,,,,,,,,,,,,,
1840,,,,,,,,,,,,,,
1841,,,,,,,,,,,,,,
1842,,,,,,,,,,,,,,
1843,,,,,,,,,,,,,,
1844,,,,,,,,,,,,,,
1845,,,,,,,,,,,,,,
1846,,,,,,,,,,,,,,
1847,,,,,,,,,,,,,,
1848,,,,,,,,,,,,,,
1849,,,,,,,,,,,,,,
1850,,,,,,,,,,,,,,
1851,,,,,,,,,,,,,,
1852,,,,,,,,,,,,,,
1853,,,,,,,,,,,,,,
