1,STATE ABBREVIATION,STATE,D,FEC ID#,(I),CANDIDATE NAME (First),CANDIDATE NAME (Last),CANDIDATE NAME,TOTAL VOTES,PARTY,PRIMARY VOTES,PRIMARY %,RUNOFF VOTES,RUNOFF %,GENERAL VOTES ,GENERAL %,GE RUNOFF,GE RUNOFF ELECTION % (LA),"COMBINED GE PARTY TOTALS (CT, NY, SC)","COMBINED % (CT, NY, SC)",GE WINNER INDICATOR,FOOTNOTES
2,,,,,,,,,,,,,,,,,,,,,,
3,AL,Alabama,S,S6AL00013,(I),Richard C.,Shelby,"Shelby, Richard C.",,R,"505,586",64.91%,,,"1,335,104",63.96%,,,,,W,
4,AL,Alabama,S,S6AL00310,,Jonathan,McConnell,"McConnell, Jonathan",,R,"214,770",27.58%,,,,,,,,,,
5,AL,Alabama,S,S6AL00328,,John,Martin,"Martin, John",,R,"23,558",3.02%,,,,,,,,,,
6,AL,Alabama,S,S6AL00336,,Marcus,Bowman,"Bowman, Marcus",,R,"19,707",2.53%,,,,,,,,,,
7,AL,Alabama,S,S6AL00385,,Shadrack ,McGill,"McGill, Shadrack ",,R,"15,230",1.96%,,,,,,,,,,
8,AL,Alabama,S,n/a,,,,,Party Votes:,R,"778,851",,,,,,,,,,,
9,AL,Alabama,S,S6AL00302,,Ron,Crumpton,"Crumpton, Ron",,D,"153,897",56.08%,,,"748,709",35.87%,,,,,,
10,AL,Alabama,S,S6AL00369,,Charles,Nana,"Nana, Charles",,D,"120,526",43.92%,,,,,,,,,,
11,AL,Alabama,S,n/a,,,,,Party Votes:,D,"274,423",,,,,,,,,,,
12,AL,Alabama,S,n/a,,,Scattered,Scattered,,W,,,,,"3,631",0.17%,,,,,,
13,AL,Alabama,S,n/a,,,,,Total State Votes:,,"1,053,274",,,,"2,087,444",,,,,,,
14,AL,Alabama,S,n/a,,,,,,,,,,,,,,,,,,
15,,,S,n/a,,,,,,,,,,,,,,,,,,
16,AK,Alaska,S,S4AK00099,(I),Lisa,Murkowski,"Murkowski, Lisa",,R,"39,545",71.52%,,,"138,149",44.36%,,,,,W,
17,AK,Alaska,S,S6AK00144,,Bob ,Lochner,"Lochner, Bob ",,R,"8,480",15.34%,,,,,,,,,,
18,AK,Alaska,S,S6AK00193,,Paul,Kendall,"Kendall, Paul",,R,"4,272",7.73%,,,,,,,,,,
19,AK,Alaska,S,S6AK00136,,Thomas ,Lamb,"Lamb, Thomas ",,R,"2,996",5.42%,,,,,,,,,,
20,AK,Alaska,S,n/a,,,,,Party Votes:,R,"55,293",,,,,,,,,,,
21,AK,Alaska,S,S0AK00121,,Joe,Miller,"Miller, Joe  #",,LIB,,,,,"90,825",29.16%,,,,,,# Cean Stevens withdrew after the primary election and Joe Miller was selected by the party to fill the vacancy on the general election ballot.
22,AK,Alaska,S,S6AK00169,,Cean,Stevens,"Stevens, Cean  #",,LIB,"5,102",100.00%,,,,,,,,,,# Cean Stevens withdrew after the primary election and Joe Miller was selected by the party to fill the vacancy on the general election ballot.
23,AK,Alaska,S,n/a,,,,,Party Votes:,LIB,"5,102",,,,,,,,,,,
24,AK,Alaska,S,S8AK00082,,Ray,Metcalfe,"Metcalfe, Ray",,D,"15,228",60.15%,,,"36,200",11.62%,,,,,,
25,AK,Alaska,S,S6AK00177,,Edgar,Blatchford,"Blatchford, Edgar",,D,"10,090",39.85%,,,,,,,,,,
26,AK,Alaska,S,n/a,,,,,Party Votes:,D,"25,318",,,,,,,,,,,
27,AK,Alaska,S,S6AK00151,,Margaret,Stock,"Stock, Margaret",,NAF,,,,,"41,194",13.23%,,,,,,
28,AK,Alaska,S,S6AK00201,,Breck A.,Craig,"Craig, Breck A.",,NAF,,,,,"2,609",0.84%,,,,,,
29,AK,Alaska,S,S4AK00115,,Ted,Gianoutsos,"Gianoutsos, Ted",,NAF,,,,,"1,758",0.56%,,,,,,
30,AK,Alaska,S,n/a,,,Scattered,Scattered,,W,,,,,706,0.23%,,,,,,
31,AK,Alaska,S,n/a,,,,,Total State Votes:,,"85,713",,,,"311,441",,,,,,,
32,,,S,n/a,,,,,,,,,,,,,,,,,,
33,AZ,Arizona,S,S6AZ00019 ,(I),John,McCain,"McCain, John",,R,"302,532",51.16%,,,"1,359,267",53.71%,,,,,W,
34,AZ,Arizona,S,S6AZ00233,,Kelli,Ward,"Ward, Kelli",,R,"235,988",39.91%,,,,,,,,,,
35,AZ,Arizona,S,S6AZ00217 ,,Alex,Meluskey,"Meluskey, Alex",,R,"31,159",5.27%,,,,,,,,,,
36,AZ,Arizona,S,S2AZ00216 ,,Clair,Van Steenwyk,"Van Steenwyk, Clair",,R,"21,476",3.63%,,,,,,,,,,
37,AZ,Arizona,S,S6AZ00332,,Sean,Webster,"Webster, Sean",,W(R),175,0.03%,,,,,,,,,,
38,AZ,Arizona,S,n/a,,,,,Party Votes:,R,"591,330",,,,,,,,,,,
39,AZ,Arizona,S,S6AZ00225 ,,Ann,Kirkpatrick,"Kirkpatrick, Ann",,D,"333,586",99.85%,,,"1,031,245",40.75%,,,,,,
40,AZ,Arizona,S,S6AZ00290 ,,Axel,Bello,"Bello, Axel",,W(D),508,0.15%,,,,,,,,,,
41,AZ,Arizona,S,n/a,,,,,Party Votes:,D,"334,094",,,,,,,,,,,
42,AZ,Arizona,S,S6AZ00340,,Gary,Swing,"Swing, Gary",,W(GRE)/GRE,238,100.00%,,,"138,634",5.48%,,,,,,
43,AZ,Arizona,S,n/a,,,,,Party Votes:,G,238,,,,,,,,,,,
44,AZ,Arizona,S,S6AZ00357,,Merissa,Hamilton,"Hamilton, Merissa",,W(LIB),"1,286",100.00%,,,,,,,,,,
45,AZ,Arizona,S,n/a,,,,,Party Votes:,LIB,"1,286",,,,,,,,,,,
46,AZ,Arizona,S,S6AZ00258 ,,Pat,Quinn,"Quinn, Pat",,W,,,,,694,0.03%,,,,,,
47,AZ,Arizona,S,S6AZ00365,,Sydney,Dudikoff,"Dudikoff, Sydney",,W,,,,,494,0.02%,,,,,,
48,AZ,Arizona,S,S6AZ00373,,Selena,Lopez,"Lopez, Selena",,W,,,,,223,0.01%,,,,,,
49,AZ,Arizona,S,S6AZ00134 ,,Leonard,Clark,"Clark, Leonard",,W,,,,,83,0.00%,,,,,,
50,AZ,Arizona,S,S6AZ00399,,Anthony,Camboni,"Camboni, Anthony",,W,,,,,45,0.00%,,,,,,
51,AZ,Arizona,S,S2AZ00273,,Sheila ,Bilyeu,"Bilyeu, Sheila ",,W,,,,,34,0.00%,,,,,,
52,AZ,Arizona,S,S6AZ00381,,"Gene, II",Scott,"Scott, Gene, II",,W,,,,,7,0.00%,,,,,,
53,AZ,Arizona,S,S0AZ00327,,Santos,Chavez,"Chavez, Santos",,W,,,,,4,0.00%,,,,,,
54,AZ,Arizona,S,n/a,,,,,Total State Votes:,,"926,948",,,,"2,530,730",,,,,,,
55,AZ,Arizona,S,n/a,,,,,,,,,,,,,,,,,,
56,,,S,n/a,,,,,,,,,,,,,,,,,,
57,AR,Arkansas,S,S0AR00150,(I),John,Boozman,"Boozman, John",,R,"298,039",76.45%,,,"661,984",59.77%,,,,,W,
58,AR,Arkansas,S,S0AR00036,,Curtis,Coleman,"Coleman, Curtis",,R,"91,795",23.55%,,,,,,,,,,
59,AR,Arkansas,S,n/a,,,,,Party Votes:,R,"389,834",,,,,,,,,,,
60,AR,Arkansas,S,S6AR00132,,Conner,Eldridge,"Eldridge, Conner",,D,Unopposed,,,,"400,602",36.17%,,,,,,
61,AR,Arkansas,S,S6AR00140 ,,Frank,Gilbert,"Gilbert, Frank",,LIB,,,,,"43,866",3.96%,,,,,,
62,AR,Arkansas,S,S6AR00157,,Jason,Tate,"Tate, Jason",,W,,,,,"1,070",0.10%,,,,,,
63,AR,Arkansas,S,n/a,,,,,Total State Votes:,,"389,834",,,,"1,107,522",,,,,,,
64,,,S,n/a,,,,,,,,,,,,,,,,,,
65,CA,California,S,S6CA00584 ,,Kamala D. ,Harris,"Harris, Kamala D. ",,D,"3,000,689",39.94%,,,"7,542,759",61.60%,,,,,W,
66,CA,California,S,S6CA00691 ,,Loretta L.,Sanchez,"Sanchez, Loretta L.",,D,"1,416,203",18.85%,,,"4,701,417",38.40%,,,,,,
67,CA,California,S,S6CA00741 ,,Duf,Sundheim,"Sundheim, Duf",,R,"584,251",7.78%,,,,,,,,,,
68,CA,California,S,S6CA00667 ,,Phil,Wyman,"Wyman, Phil",,R,"352,821",4.70%,,,,,,,,,,
69,CA,California,S,S6CA00683 ,,Thomas G.,Del Beccaro,"Del Beccaro, Thomas G.",,R,"323,614",4.31%,,,,,,,,,,
70,CA,California,S,S2CA00740,,Greg,Conlon,"Conlon, Greg",,R,"230,944",3.07%,,,,,,,,,,
71,CA,California,S,S6CA00873 ,,Steve,Stokes,"Stokes, Steve",,D,"168,805",2.25%,,,,,,,,,,
72,CA,California,S,S6CA00931,,George C.,Yang,"Yang, George C.",,R,"112,055",1.49%,,,,,,,,,,
73,CA,California,S, S6CA00923,,Karen ,Roseberry,"Roseberry, Karen ",,R,"110,557",1.47%,,,,,,,,,,
74,CA,California,S,S8CA00283,,Gail K.,Lightfoot,"Lightfoot, Gail K.",,LIB,"99,761",1.33%,,,,,,,,,,
75,CA,California,S,S6CA00832 ,,Massie ,Munroe,"Munroe, Massie ",,D,"98,150",1.31%,,,,,,,,,,
76,CA,California,S,S6CA00956,,Pamela,Elizondo,"Elizondo, Pamela",,GRE,"95,677",1.27%,,,,,,,,,,
77,CA,California,S,S6CA00675,,Tom,Palzer,"Palzer, Tom",,R,"93,263",1.24%,,,,,,,,,,
78,CA,California,S,S8CA00291,,Ron,Unz,"Unz, Ron",,R,"92,325",1.23%,,,,,,,,,,
79,CA,California,S,S2CA00799,,Don,Krampe,"Krampe, Don",,R,"69,635",0.93%,,,,,,,,,,
80,CA,California,S,S6CA00980 ,,Eleanor ,García,"García, Eleanor ",,NOP,"65,084",0.87%,,,,,,,,,,
81,CA,California,S,S6CA00824 ,,Jarrell ,Williamson,"Williamson, Jarrell ",,R,"64,120",0.85%,,,,,,,,,,
82,CA,California,S,S6CA00915,,Von,Hougo,"Hougo, Von",,R,"63,609",0.85%,,,,,,,,,,
83,CA,California,S,S6CA00899,,President Cristina,Grappo,"Grappo, President Cristina",,D,"63,330",0.84%,,,,,,,,,,
84,CA,California,S,S6CA00717 ,,Jerry J.,Laws,"Laws, Jerry J.",,R,"53,023",0.71%,,,,,,,,,,
85,CA,California,S,S6CA00972 ,,Mark Matthew ,Herd,"Herd, Mark Matthew ",,LIB,"41,344",0.55%,,,,,,,,,,
86,CA,California,S,S6CA00949,,John Thompson,Parker,"Parker, John Thompson",,PAF,"35,998",0.48%,,,,,,,,,,
87,CA,California,S,S6CA01020,,Ling Ling,Shi,"Shi, Ling Ling",,NOP,"35,196",0.47%,,,,,,,,,,
88,CA,California,S,S6CA00907 ,,Herbert G.,Peters,"Peters, Herbert G.",,D,"32,638",0.43%,,,,,,,,,,
89,CA,California,S,S6CA00865 ,,Emory,Rodgers,"Rodgers, Emory",,D,"31,485",0.42%,,,,,,,,,,
90,CA,California,S,S6CA00766 ,,Mike ,Beitiks,"Beitiks, Mike ",,NOP,"31,450",0.42%,,,,,,,,,,
91,CA,California,S,S6CA00774 ,,Clive,Grey,"Grey, Clive",,NOP,"29,418",0.39%,,,,,,,,,,
92,CA,California,S,S6CA00998,,Jason,Hanania,"Hanania, Jason",,NOP,"27,715",0.37%,,,,,,,,,,
93,CA,California,S,S6CA01012,,Paul,Merritt,"Merritt, Paul",,NOP,"24,031",0.32%,,,,,,,,,,
94,CA,California,S,S6CA01004,,Jason,Kraus,"Kraus, Jason",,NOP,"19,318",0.26%,,,,,,,,,,
95,CA,California,S,S4CA00332,,Don J.,Grundmann,"Grundmann, Don J.",,NOP,"15,317",0.20%,,,,,,,,,,
96,CA,California,S,S6CA00857,,Scott A.,Vineberg,"Vineberg, Scott A.",,NOP,"11,843",0.16%,,,,,,,,,,
97,CA,California,S,S6CA00733 ,,Tim,Gildersleeve,"Gildersleeve, Tim",,NOP,"9,798",0.13%,,,,,,,,,,
98,CA,California,S,S6CA00881,,Gar,Myers,"Myers, Gar",,NOP,"8,726",0.12%,,,,,,,,,,
99,CA,California,S,S6CA00964,,Billy,Falling,"Falling, Billy",,W(R),87,0.00%,,,,,,,,,,
100,CA,California,S,n/a,,Ric M.,Llewellyn,"Llewellyn, Ric M.",,W(NOP),32,0.00%,,,,,,,,,,
101,CA,California,S,n/a,,Alexis,Stuart,"Stuart, Alexis",,W(R),10,0.00%,,,,,,,,,,
102,CA,California,S,n/a,,,,,Total State Votes:,,"7,512,322",,,,"12,244,176",,,,,,,
103,CA,California,S,n/a,,,,,,,,,,,,,,,,,,
104,,,S,n/a,,,,,,,,,,,,,,,,,,
105,CO,Colorado,S,S0CO00211,(I),Michael,Bennet,"Bennet, Michael",,D,"262,344",100.00%,,,"1,370,710",49.97%,,,,,W,
106,CO,Colorado,S,n/a,,,,,Party Votes:,D,"262,344",,,,,,,,,,,
107,CO,Colorado,S,S6CO00226,,Darryl,Glenn,"Glenn, Darryl",,R,"131,125",37.73%,,,"1,215,318",44.31%,,,,,,
108,CO,Colorado,S,S6CO00309,,Jack,Graham,"Graham, Jack",,R,"85,400",24.57%,,,,,,,,,,
109,CO,Colorado,S,S6CO00275,,Robert,Blaha,"Blaha, Robert",,R,"57,196",16.46%,,,,,,,,,,
110,CO,Colorado,S,S6CO00283,,Jon,Keyser,"Keyser, Jon",,R,"43,509",12.52%,,,,,,,,,,
111,CO,Colorado,S,S0CO00229,,Ryan L.,Frazier,"Frazier, Ryan L.",,R,"30,241",8.70%,,,,,,,,,,
112,CO,Colorado,S,S6CO00341,,Jerry,Eller,"Eller, Jerry",,W(R),68,0.02%,,,,,,,,,,
113,CO,Colorado,S,n/a,,,,,Party Votes:,R,"347,539",,,,,,,,,,,
114,CO,Colorado,S,S6CO00317 ,,Lily Tang ,Williams,"Williams, Lily Tang ",,LIB,,,,,"99,277",3.62%,,,,,,
115,CO,Colorado,S,S6CO00366,,Arn,Menconi,"Menconi, Arn",,GRE,,,,,"36,805",1.34%,,,,,,
116,CO,Colorado,S,S4CO00411,,Bill,Hammons,"Hammons, Bill",,UPC,,,,,"9,336",0.34%,,,,,,
117,CO,Colorado,S,S6CO00374,,Dan,Chapin,"Chapin, Dan",,UN,,,,,"8,361",0.30%,,,,,,
118,CO,Colorado,S,S6CO00382,,Paul Noel,Fiorino,"Fiorino, Paul Noel",,UN,,,,,"3,216",0.12%,,,,,,
119,CO,Colorado,S,S4CO00429,,Don,Willoughby,"Willoughby, Don",,W,,,,,6,0.00%,,,,,,
120,CO,Colorado,S,n/a,,,,,Total State Votes:,,"609,883",,,,"2,743,029",,,,,,,
121,CO,Colorado,S,n/a,,,,,,,,,,,,,,,,,,
122,,,S,n/a,,,,,,,,,,,,,,,,,,
123,CT,Connecticut,S,S0CT00177,(I),Richard,Blumenthal,"Blumenthal, Richard",,D,*,,,,"920,766",57.68%,,,"1,008,714",63.19%,W,"* A candidate is endorsed by the party at the party convention.  A primary election is only held if a qualified challenger to the party endorsed candidate receives 15% of the delegate votes on roll call at the convention and files for a primary, or, if after the convention, a challenger files a requisite number of petitions to qualify for primary ballot access.  Otherwise, the party endorsed candidate is the nominee.  The Democratic convention for the U.S. Senate was held on May 7, 2016, and the Republican convention was held on May 9, 2016.  An asterisk denotes the party’s endorsed candidate."
124,CT,Connecticut,S,S0CT00177,(I),Richard,Blumenthal,"Blumenthal, Richard",,WF,,,,,"87,948",5.51%,,,"1,008,714",63.19%,W,
125,CT,Connecticut,S,S6CT05108,,Dan,Carter,"Carter, Dan",,R,*,,,,"552,621",34.62%,,,,,,"* A candidate is endorsed by the party at the party convention.  A primary election is only held if a qualified challenger to the party endorsed candidate receives 15% of the delegate votes on roll call at the convention and files for a primary, or, if after the convention, a challenger files a requisite number of petitions to qualify for primary ballot access.  Otherwise, the party endorsed candidate is the nominee.  The Democratic convention for the U.S. Senate was held on May 7, 2016, and the Republican convention was held on May 9, 2016.  An asterisk denotes the party’s endorsed candidate."
126,CT,Connecticut,S,S4CT00146,,Jack,Orchulli,"Orchulli, Jack",,R,,,,,,,,,,,,"* A candidate is endorsed by the party at the party convention.  A primary election is only held if a qualified challenger to the party endorsed candidate receives 15% of the delegate votes on roll call at the convention and files for a primary, or, if after the convention, a challenger files a requisite number of petitions to qualify for primary ballot access.  Otherwise, the party endorsed candidate is the nominee.  The Democratic convention for the U.S. Senate was held on May 7, 2016, and the Republican convention was held on May 9, 2016.  An asterisk denotes the party’s endorsed candidate."
127,CT,Connecticut,S,S6CT05090,,August L.,Wolf,"Wolf, August L.",,R,,,,,,,,,,,,"* A candidate is endorsed by the party at the party convention.  A primary election is only held if a qualified challenger to the party endorsed candidate receives 15% of the delegate votes on roll call at the convention and files for a primary, or, if after the convention, a challenger files a requisite number of petitions to qualify for primary ballot access.  Otherwise, the party endorsed candidate is the nominee.  The Democratic convention for the U.S. Senate was held on May 7, 2016, and the Republican convention was held on May 9, 2016.  An asterisk denotes the party’s endorsed candidate."
128,CT,Connecticut,S,S6CT05124,,Richard,Lion,"Lion, Richard",,LIB,,,,,"18,190",1.14%,,,,,,
129,CT,Connecticut,S,S0CT00250,,Jeffery,Russell,"Russell, Jeffery",,GRE,,,,,"16,713",1.05%,,,,,,
130,CT,Connecticut,S,n/a,,Andrew,Rule,"Rule, Andrew",,W,,,,,26,0.00%,,,,,,
131,CT,Connecticut,,n/a,,John M.,Traceski,"Traceski, John M.",,W,,,,,12,0.00%,,,,,,
132,CT,Connecticut,S,n/a,,,,,Total State Votes:,,,,,,"1,596,276",,,,,,,
133,,,S,n/a,,,,,,,,,,,,,,,,,,
134,FL,Florida,S,S0FL00338,(I),Marco,Rubio,"Rubio, Marco",,R,"1,029,830",71.99%,,,"4,835,191",51.98%,,,,,W,
135,FL,Florida,S,S6FL00426 ,,Carlos,Beruff,"Beruff, Carlos",,R,"264,427",18.49%,,,,,,,,,,
136,FL,Florida,S,S6FL00525 ,,Dwight Mark Anthony,Young,"Young, Dwight Mark Anthony",,R,"91,082",6.37%,,,,,,,,,,
137,FL,Florida,S,S6FL00418 ,,Ernie,Rivera,"Rivera, Ernie",,R,"45,153",3.16%,,,,,,,,,,
138,FL,Florida,S,n/a,,,,,Party Votes:,R,"1,430,492",,,,,,,,,,,
139,FL,Florida,S,S6FL00319 ,,Patrick,Murphy,"Murphy, Patrick",,D,"665,985",58.95%,,,"4,122,088",44.31%,,,,,,
140,FL,Florida,S,S6FL00376 ,,Alan,Grayson,"Grayson, Alan",,D,"199,929",17.70%,,,,,,,,,,
141,FL,Florida,S,S6FL00285 ,,Pam,Keith,"Keith, Pam",,D,"173,919",15.39%,,,,,,,,,,
142,FL,Florida,S,S6FL00509 ,,"Roque ""Rocky""",De La Fuente,"De La Fuente, Roque ""Rocky""",,D,"60,810",5.38%,,,,,,,,,,
143,FL,Florida,S,S6FL00491 ,,Reginald,Luster,"Luster, Reginald",,D,"29,138",2.58%,,,,,,,,,,
144,FL,Florida,S,n/a,,,,,Party Votes:,D,"1,129,781",,,,,,,,,,,
145,FL,Florida,S,S6FL00467 ,,Paul,Stanton,"Stanton, Paul",,LBF,"2,946",73.48%,,,"196,956",2.12%,,,,,,
146,FL,Florida,S,S6FL00301 ,,Augustus,Invictus,"Invictus, Augustus",,LBF,"1,063",26.52%,,,,,,,,,,
147,FL,Florida,S,n/a,,,,,Party Votes:,LBF,"4,009",,,,,,,,,,,
148,FL,Florida,S,S6FL00327 ,,Bruce,Nathan,"Nathan, Bruce",,NPA,,,,,"52,451",0.56%,,,,,,
149,FL,Florida,S,S6FL00434 ,,Tony ,Khoury,"Khoury, Tony ",,NPA,,,,,"45,820",0.49%,,,,,,
150,FL,Florida,S,S6FL00517 ,,Steven ,Machat,"Machat, Steven ",,NPA,,,,,"26,918",0.29%,,,,,,
151,FL,Florida,S,S6FL00459,,Basil E.,Dalack,"Dalack, Basil E.",,NPA,,,,,"22,236",0.24%,,,,,,
152,FL,Florida,S,S6FL00533 ,,Charles Frederick ,Tolbert,"Tolbert, Charles Frederick ",,W,,,,,56,0.00%,,,,,,
153,FL,Florida,S,S0FL00544,,Howard ,Knepper,"Knepper, Howard ",,W,,,,,50,0.00%,,,,,,
154,FL,Florida,S,S6FL00442,,Angela Marie,Walls-Windhauser,"Walls-Windhauser, Angela Marie",,W,,,,,37,0.00%,,,,,,
155,FL,Florida,S,S6FL00558,,Robert Samuel,Kaplan,"Kaplan, Robert Samuel",,W,,,,,10,0.00%,,,,,,
156,FL,Florida,S,S6FL00541,,Bradley ,Patrick,"Patrick, Bradley ",,W,,,,,7,0.00%,,,,,,
157,FL,Florida,S,n/a,,,,,Total State Votes:,,"2,564,282",,,,"9,301,820",,,,,,,
158,FL,Florida,S,n/a,,,,,,,,,,,,,,,,,,
159,,,S,n/a,,,,,,,,,,,,,,,,,,
160,GA,Georgia,S,S6GA00119 ,(I),Johnny,Isakson,"Isakson, Johnny",,R,"447,661",77.50%,,,"2,135,806",54.78%,,,,,W,
161,GA,Georgia,S,S4GA11236 ,,Derrick,Grayson,"Grayson, Derrick",,R,"69,101",11.96%,,,,,,,,,,
162,GA,Georgia,S,S6GA00242,,Mary Kay,Bacallao,"Bacallao, Mary Kay",,R,"60,898",10.54%,,,,,,,,,,
163,GA,Georgia,S,n/a,,,,,Party Votes:,R,"577,660",,,,,,,,,,,
164,GA,Georgia,S,S6GA00200 ,,Jim,Barksdale,"Barksdale, Jim",,D,"166,627",53.74%,,,"1,599,726",41.03%,,,,,,
165,GA,Georgia,S,S6GA00218,,Cheryl ,Copeland,"Copeland, Cheryl ",,D,"130,822",42.19%,,,,,,,,,,
166,GA,Georgia,S,S4GA11202,,"John F., III",Coyne,"Coyne, John F., III",,D,"12,604",4.07%,,,,,,,,,,
167,GA,Georgia,S,n/a,,,,,Party Votes:,D,"310,053",,,,,,,,,,,
168,GA,Georgia,S,S4GA11103,,Allen,Buckley,"Buckley, Allen",,LIB,,,,,"162,260",4.16%,,,,,,
169,GA,Georgia,S,S6GA00259,,Michelle,Gates,"Gates, Michelle",,W,,,,,813,0.02%,,,,,,
170,GA,Georgia,S,n/a,,,,,Total State Votes:,,"887,713",,,,"3,898,605",,,,,,,
171,GA,Georgia,S,n/a,,,,,,,,,,,,,,,,,,
172,,,S,n/a,,,,,,,,,,,,,,,,,,
173,HI,Hawaii,S,S4HI00136 ,(I),Brian,Schatz,"Schatz, Brian",,D,"162,905",86.17%,,,"306,604",73.60%,,,,,W,
174,HI,Hawaii,S,S6HI00271,,Makani,Christensen,"Christensen, Makani",,D,"11,899",6.29%,,,,,,,,,,
175,HI,Hawaii,S,S6HI00297,,Miles,Shiratori,"Shiratori, Miles",,D,"8,620",4.56%,,,,,,,,,,
176,HI,Hawaii,S,S0HI00118 ,,Arturo,Reyes,"Reyes, Arturo",,D,"3,820",2.02%,,,,,,,,,,
177,HI,Hawaii,S,S6HI00289,,Tutz,Honeychurch,"Honeychurch, Tutz",,D,"1,815",0.96%,,,,,,,,,,
178,HI,Hawaii,S,n/a,,,,,Party Votes:,D,"189,059",,,,,,,,,,,
179,HI,Hawaii,S,S0HI00126,,John,Carroll,"Carroll, John",,R,"26,749",74.58%,,,"92,653",22.24%,,,,,,
180,HI,Hawaii,S,S0HI00183,,John P.,Roco,"Roco, John P.",,R,"3,956",11.03%,,,,,,,,,,
181,HI,Hawaii,S,S6HI00263,,Karla (Bart),Gottschalk,"Gottschalk, Karla (Bart)",,R,"3,045",8.49%,,,,,,,,,,
182,HI,Hawaii,S,S6HI00222,,Eddie,Pirkowski,"Pirkowski, Eddie",,R,"2,115",5.90%,,,,,,,,,,
183,HI,Hawaii,S,n/a,,,,,Party Votes:,R,"35,865",,,,,,,,,,,
184,HI,Hawaii,S,S4HI00151,,Joy J,Allison,"Allison, Joy J",,CON,217,100.00%,,,"9,103",2.19%,,,,,,
185,HI,Hawaii,S,n/a,,,,,Party Votes:,CON,217,,,,,,,,,,,
186,HI,Hawaii,S,S4HI00169,,Michael A.,Kokoski,"Kokoski, Michael A.",,LIB,909,100.00%,,,"6,809",1.63%,,,,,,
187,HI,Hawaii,S,n/a,,,,,Party Votes:,LIB,909,,,,,,,,,,,
188,HI,Hawaii,S,S6HI00305,,John M. (Raghu),Giuffre,"Giuffre, John M. (Raghu)",,AMS,111,100.00%,,,"1,393",0.33%,,,,,,
189,HI,Hawaii,S,n/a,,,,,Party Votes:,AMS,111,,,,,,,,,,,
190,HI,Hawaii,S,n/a,,,,,Total State Votes:,,"226,161",,,,"416,562",,,,,,,
191,,,S,n/a,,,,,,,,,,,,,,,,,,
192,ID,Idaho,S,S8ID00027,(I),Mike,Crapo,"Crapo, Mike",,R,"119,633",100.00%,,,"449,017",66.13%,,,,,W,
193,ID,Idaho,S,n/a,,,,,Party Votes:,R,"119,633",,,,,,,,,,,
194,ID,Idaho,S,S6ID00112,,Jerry ,Sturgill,"Sturgill, Jerry ",,D,"26,471",100.00%,,,"188,249",27.73%,,,,,,
195,ID,Idaho,S,n/a,,,,,Party Votes:,D,"26,471",,,,,,,,,,,
196,ID,Idaho,S,S6ID00104,,Ray J.,Writz,"Writz, Ray J.",,CON,131,59.55%,,,"41,677",6.14%,,,,,,
197,ID,Idaho,S,S8ID00191,,,Pro-Life,Pro-Life,,CON,89,40.45%,,,,,,,,,,
198,ID,Idaho,S,n/a,,,,,Party Votes:,CON,220,,,,,,,,,,,
199,ID,Idaho,S,n/a,,,,,Total State Votes:,,"146,324",,,,"678,943",,,,,,,
200,ID,Idaho,S,n/a,,,,,,,,,,,,,,,,,,
201,,,S,n/a,,,,,,,,,,,,,,,,,,
202,IL,Illinois,S,S6IL00292 ,,Tammy,Duckworth,"Duckworth, Tammy",,D,"1,220,128",64.38%,,,"3,012,940",54.86%,,,,,W,
203,IL,Illinois,S,S6IL00300 ,,Andrea ,Zopp,"Zopp, Andrea ",,D,"455,729",24.05%,,,,,,,,,,
204,IL,Illinois,S,S6IL00342 ,,Napoleon,Harris,"Harris, Napoleon",,D,"219,286",11.57%,,,,,,,,,,
205,IL,Illinois,S,n/a,,Patricia Elaine ,Beard,"Beard, Patricia Elaine ",,W(D),1,0.00%,,,,,,,,,,
206,IL,Illinois,S,n/a,,,,,Party Votes:,D,"1,895,144",,,,,,,,,,,
207,IL,Illinois,S,S0IL00261 ,(I),Mark Steven,Kirk,"Kirk, Mark Steven",,R,"931,619",70.57%,,,"2,184,692",39.78%,,,,,,
208,IL,Illinois,S,S6IL00334 ,,James T.,Marter,"Marter, James T.",,R,"388,571",29.43%,,,,,,,,,,
209,IL,Illinois,S,n/a,,,,,Party Votes:,R,"1,320,190",,,,,,,,,,,
210,IL,Illinois,S,S6IL00383,,Kenton,McMillen,"McMillen, Kenton",,LIB,,,,,"175,988",3.20%,,,,,,
211,IL,Illinois,S,S4IL00388,,Scott,Summers,"Summers, Scott",,GRE,,,,,"117,619",2.14%,,,,,,
212,IL,Illinois,S,S2IL00044,,Chad,Koppie,"Koppie, Chad",,W,,,,,408,0.01%,,,,,,
213,IL,Illinois,S,S6IL00318,,Jim,Brown,"Brown, Jim",,W,,,,,106,0.00%,,,,,,
214,IL,Illinois,S,n/a,,Christopher,Aguayo,"Aguayo, Christopher",,W,,,,,77,0.00%,,,,,,
215,IL,Illinois,S,n/a,,Susana,Sandoval,"Sandoval, Susana",,W,,,,,42,0.00%,,,,,,
216,IL,Illinois,S,n/a,,Eric Kufi James,Stewart,"Stewart, Eric Kufi James",,W,,,,,5,0.00%,,,,,,
217,IL,Illinois,S,n/a,,Patricia,Beard,"Beard, Patricia",,W,,,,,1,0.00%,,,,,,
218,IL,Illinois,S,n/a,,,,,Total State Votes:,,"3,215,334",,,,"5,491,878",,,,,,,
219,IL,Illinois,S,n/a,,,,,,,,,,,,,,,,,,
220,,,S,n/a,,,,,,,,,,,,,,,,,,
221,IN,Indiana,S,S6IN00191 ,,Todd,Young,"Young, Todd",,R,"661,136",67.08%,,,"1,423,991",52.11%,,,,,W,
222,IN,Indiana,S,S0IN00095,,Marlin A.,Stutzman,"Stutzman, Marlin A.",,R,"324,429",32.92%,,,,,,,,,,
223,IN,Indiana,S,n/a,,,,,Party Votes:,R,"985,565",,,,,,,,,,,
224,IN,Indiana,S,S8IN00049,,Evan,Bayh,"Bayh, Evan  #",,D,,,,,"1,158,947",42.41%,,,,,,"#  Baron Hill withdrew after the primary election and Evan Bayh was selected by the party on July 22, 2016, to fill the vacancy on the general election ballot."
225,IN,Indiana,S,S0IN00061 ,,Baron,Hill,"Hill, Baron  #",,D,"516,183",100.00%,,,,,,,,,,"#  Baron Hill withdrew after the primary election and Evan Bayh was selected by the party on July 22, 2016, to fill the vacancy on the general election ballot."
226,IN,Indiana,S,n/a,,,,,Party Votes:,D,"516,183",,,,,,,,,,,
227,IN,Indiana,S,S6IN00225,,Lucy,Brenton,"Brenton, Lucy",,LIB,*,,,,"149,481",5.47%,,,,,,"The Libertarian Party nominated by convention on April 23, 2016.  Convention nominee is noted with an asterisk."
228,IN,Indiana,S,S2IN00117,,James L.,Johnson,"Johnson, James L.",,W,,,,,127,0.00%,,,,,,
229,IN,Indiana,S,n/a,,,,,Total State Votes:,,"1,501,748",,,,"2,732,546",,,,,,,
230,IN,Indiana,S,n/a,,,,,,,,,,,,,,,,,,
231,,,S,n/a,,,,,,,,,,,,,,,,,,
232,IA,Iowa,S,S0IA00028,(I),Charles E.,Grassley,"Grassley, Charles E.",,R,"90,089",98.36%,,,"926,007",60.09%,,,,,W,
233,IA,Iowa,S,n/a,,,Scattered,Scattered,,W(R),"1,500",1.64%,,,,,,,,,,
234,IA,Iowa,S,n/a,,,,,Party Votes:,R,"91,589",,,,,,,,,,,
235,IA,Iowa,S,S6IA00140,,Patty ,Judge,"Judge, Patty ",,D,"46,322",47.62%,,,"549,460",35.66%,,,,,,
236,IA,Iowa,S,S6IA00124,,Robert M,Hogg,"Hogg, Robert M",,D,"37,801",38.86%,,,,,,,,,,
237,IA,Iowa,S,S0IA00119,,Thomas L.,Fiegen,"Fiegen, Thomas L.",,D,"6,573",6.76%,,,,,,,,,,
238,IA,Iowa,S,S0IA00101,,Bob,Krause,"Krause, Bob",,D,"6,425",6.60%,,,,,,,,,,
239,IA,Iowa,S,n/a,,,Scattered,Scattered,,W(D),154,0.16%,,,,,,,,,,
240,IA,Iowa,S,n/a,,,,,Party Votes:,D,"97,275",,,,,,,,,,,
241,IA,Iowa,S,S6IA00165,,Charles,Aldrich,"Aldrich, Charles",,LIB,,,,,"41,794",2.71%,,,,,,
242,IA,Iowa,S,S6IA00173,,Jim,Hennager,"Hennager, Jim",,NPI,,,,,"17,649",1.15%,,,,,,
243,IA,Iowa,S,S6IA00157,,Michael,Luick-Thrams,"Luick-Thrams, Michael",,NNE,,,,,"4,441",0.29%,,,,,,
244,IA,Iowa,S,n/a,,,Scattered,Scattered,,W,,,,,"1,685",0.11%,,,,,,
245,IA,Iowa,S,n/a,,,,,Total State Votes:,,"188,864",,,,"1,541,036",,,,,,,
246,IA,Iowa,S,n/a,,,,,,,,,,,,,,,,,,
247,IA,Iowa,S,n/a,,,,,,,,,,,,,,,,,,
248,,,S,n/a,,,,,,,,,,,,,,,,,,
249,KS,Kansas,S,S0KS00091,(I),Jerry,Moran,"Moran, Jerry",,R ,"230,907",79.09%,,,"732,376",62.18%,,,,,W,
250,KS,Kansas,S,S4KS00150,,DJ,Smith,"Smith, DJ",,R ,"61,056",20.91%,,,,,,,,,,
251,KS,Kansas,S,n/a,,,,,Party Votes:,R,"291,963",,,,,,,,,,,
252,KS,Kansas,S,S0KS00166,,Patrick,Wiesner,"Wiesner, Patrick",,D ,"59,522",62.94%,,,"379,740",32.24%,,,,,,
253,KS,Kansas,S,S6KS00213,,Monique,Singh,"Singh, Monique",,D ,"35,042",37.06%,,,,,,,,,,
254,KS,Kansas,S,n/a,,,,,Party Votes:,D,"94,564",,,,,,,,,,,
255,KS,Kansas,S,S6KS00221,,Robert D.,Garrard,"Garrard, Robert D.",,LIB,*,,,,"65,760",5.58%,,,,,,"* The Libertarian Party nominated by convention on April 30, 2016.  Convention nominee is noted with an asterisk."
256,KS,Kansas,S,S4KS00150,,DJ,Smith,"Smith, DJ",,W,,,,,46,0.00%,,,,,,
257,KS,Kansas,S,n/a,,,,,Total State Votes:,,"386,527",,,,"1,177,922",,,,,,,
258,KS,Kansas,S,n/a,,,,,,,,,,,,,,,,,,
259,,,S,n/a,,,,,,,,,,,,,,,,,,
260,KY,Kentucky,S,S0KY00156,(I),Rand,Paul,"Paul, Rand",,R,"169,180",84.79%,,,"1,090,177",57.27%,,,,,W,
261,KY,Kentucky,S,S6KY00179,,James R.,Gould,"Gould, James R.",,R,"16,611",8.33%,,,,,,,,,,
262,KY,Kentucky,S,S6KY00187,,Stephen Howard,Slaughter,"Slaughter, Stephen Howard",,R,"13,728",6.88%,,,,,,,,,,
263,KY,Kentucky,S,n/a,,,,,Party Votes:,R,"199,519",,,,,,,,,,,
264,KY,Kentucky,S,S6KY00120,,Jim,Gray,"Gray, Jim",,D,"240,598",58.73%,,,"813,246",42.72%,,,,,,
265,KY,Kentucky,S,S6KY00161,,Sellus,Wilder,"Wilder, Sellus",,D,"52,729",12.87%,,,,,,,,,,
266,KY,Kentucky,S,S6KY00146,,Ron,Leach,"Leach, Ron",,D,"39,026",9.53%,,,,,,,,,,
267,KY,Kentucky,S,S4KY00158,,Tom,Recktenwald,"Recktenwald, Tom",,D,"21,910",5.35%,,,,,,,,,,
268,KY,Kentucky,S,S6KY00153,,Grant T.,Short,"Short, Grant T.",,D,"21,558",5.26%,,,,,,,,,,
269,KY,Kentucky,S,S6KY00138,,Jeff,Kender,"Kender, Jeff",,D,"20,237",4.94%,,,,,,,,,,
270,KY,Kentucky,S,S6KY00112,,Rory,Houlihan,"Houlihan, Rory",,D,"13,585",3.32%,,,,,,,,,,
271,KY,Kentucky,S,n/a,,,,,Party Votes:,D,"409,643",,,,,,,,,,,
272,KY,Kentucky,S,S0KY00255,,Billy Ray,Wilson,"Wilson, Billy Ray",,W,,,,,36,0.00%,,,,,,
273,KY,Kentucky,S,n/a,,Angel,Doss,"Doss, Angel",,W,,,,,6,0.00%,,,,,,
274,KY,Kentucky,S,n/a,,,,,Total State Votes:,,"609,162",,,,"1,903,465",,,,,,,
275,,,S,n/a,,,,,,,,,,,,,,,,,,
276,LA,Louisiana,S,S4LA00065,,John,Kennedy,"Kennedy, John",,R,,,,,"482,591",24.96%,"536,191",60.65%,,,W,"*  In Louisiana, a Congressional primary election is not held. In 2016, the election for candidates seeking Federal office was the General Election held on November 8, 2016, with a Runoff Election held on December 10, 2016, if necessary."
277,LA,Louisiana,S,S6LA00359,,Foster,Campbell,"Campbell, Foster",,D,,,,,"337,833",17.47%,"347,816",39.35%,,,,"*  In Louisiana, a Congressional primary election is not held. In 2016, the election for candidates seeking Federal office was the General Election held on November 8, 2016, with a Runoff Election held on December 10, 2016, if necessary."
278,LA,Louisiana,S,S6LA00300,,Charles,Boustany,"Boustany, Charles",,R,,,,,"298,008",15.41%,,,,,,"*  In Louisiana, a Congressional primary election is not held. In 2016, the election for candidates seeking Federal office was the General Election held on November 8, 2016, with a Runoff Election held on December 10, 2016, if necessary."
279,LA,Louisiana,S,S6LA00334,,Caroline,Fayard,"Fayard, Caroline",,D,,,,,"240,917",12.46%,,,,,,"*  In Louisiana, a Congressional primary election is not held. In 2016, the election for candidates seeking Federal office was the General Election held on November 8, 2016, with a Runoff Election held on December 10, 2016, if necessary."
280,LA,Louisiana,S,S6LA00318,,John,Fleming,"Fleming, John",,R,,,,,"204,026",10.55%,,,,,,"*  In Louisiana, a Congressional primary election is not held. In 2016, the election for candidates seeking Federal office was the General Election held on November 8, 2016, with a Runoff Election held on December 10, 2016, if necessary."
281,LA,Louisiana,S,S4LA00115,,"""Rob""",Maness,"Maness, ""Rob""",,R,,,,,"90,856",4.70%,,,,,,"*  In Louisiana, a Congressional primary election is not held. In 2016, the election for candidates seeking Federal office was the General Election held on November 8, 2016, with a Runoff Election held on December 10, 2016, if necessary."
282,LA,Louisiana,S,S0LA00071,,David,Duke,"Duke, David",,R,,,,,"58,606",3.03%,,,,,,"*  In Louisiana, a Congressional primary election is not held. In 2016, the election for candidates seeking Federal office was the General Election held on November 8, 2016, with a Runoff Election held on December 10, 2016, if necessary."
283,LA,Louisiana,S,S6LA00342,,Derrick,Edwards,"Edwards, Derrick",,D,,,,,"51,774",2.68%,,,,,,"*  In Louisiana, a Congressional primary election is not held. In 2016, the election for candidates seeking Federal office was the General Election held on November 8, 2016, with a Runoff Election held on December 10, 2016, if necessary."
284,LA,Louisiana,S,S6LA00391,,Gary,Landrieu,"Landrieu, Gary",,D,,,,,"45,587",2.36%,,,,,,"*  In Louisiana, a Congressional primary election is not held. In 2016, the election for candidates seeking Federal office was the General Election held on November 8, 2016, with a Runoff Election held on December 10, 2016, if necessary."
285,LA,Louisiana,S,S6LA00383,,"Donald ""Crawdaddy""",Crawford,"Crawford, Donald ""Crawdaddy""",,R,,,,,"25,523",1.32%,,,,,,"*  In Louisiana, a Congressional primary election is not held. In 2016, the election for candidates seeking Federal office was the General Election held on November 8, 2016, with a Runoff Election held on December 10, 2016, if necessary."
286,LA,Louisiana,S,S6LA00326,,"""Joseph""",Cao,"Cao, ""Joseph""",,R,,,,,"21,019",1.09%,,,,,,"*  In Louisiana, a Congressional primary election is not held. In 2016, the election for candidates seeking Federal office was the General Election held on November 8, 2016, with a Runoff Election held on December 10, 2016, if necessary."
287,LA,Louisiana,S,S6LA00441,,Beryl,Billiot,"Billiot, Beryl",,NPA,,,,,"19,352",1.00%,,,,,,"*  In Louisiana, a Congressional primary election is not held. In 2016, the election for candidates seeking Federal office was the General Election held on November 8, 2016, with a Runoff Election held on December 10, 2016, if necessary."
288,LA,Louisiana,S,S4LA00149,,Thomas P.,Clements,"Clements, Thomas P.",,LIB,,,,,"11,370",0.59%,,,,,,"*  In Louisiana, a Congressional primary election is not held. In 2016, the election for candidates seeking Federal office was the General Election held on November 8, 2016, with a Runoff Election held on December 10, 2016, if necessary."
289,LA,Louisiana,S,S6LA00458,,Troy,Hebert,"Hebert, Troy",,NPA,,,,,"9,503",0.49%,,,,,,"*  In Louisiana, a Congressional primary election is not held. In 2016, the election for candidates seeking Federal office was the General Election held on November 8, 2016, with a Runoff Election held on December 10, 2016, if necessary."
290,LA,Louisiana,S,S6LA00367,,Joshua,Pellerin,"Pellerin, Joshua",,D,,,,,"7,395",0.38%,,,,,,"*  In Louisiana, a Congressional primary election is not held. In 2016, the election for candidates seeking Federal office was the General Election held on November 8, 2016, with a Runoff Election held on December 10, 2016, if necessary."
291,LA,Louisiana,S,S6LA00417,,Peter,Williams,"Williams, Peter",,D,,,,,"6,855",0.35%,,,,,,"*  In Louisiana, a Congressional primary election is not held. In 2016, the election for candidates seeking Federal office was the General Election held on November 8, 2016, with a Runoff Election held on December 10, 2016, if necessary."
292,LA,Louisiana,S,S6LA00409,,"MV ""Vinny""",Mendoza,"Mendoza, MV ""Vinny""",,D,,,,,"4,927",0.25%,,,,,,"*  In Louisiana, a Congressional primary election is not held. In 2016, the election for candidates seeking Federal office was the General Election held on November 8, 2016, with a Runoff Election held on December 10, 2016, if necessary."
293,LA,Louisiana,S,S6LA00466,,Kaitlin,Marone,"Marone, Kaitlin",,NPA,,,,,"4,108",0.21%,,,,,,"*  In Louisiana, a Congressional primary election is not held. In 2016, the election for candidates seeking Federal office was the General Election held on November 8, 2016, with a Runoff Election held on December 10, 2016, if necessary."
294,LA,Louisiana,S,S6LA00433,,Le Roy,Gillam,"Gillam, Le Roy",,LIB,,,,,"4,067",0.21%,,,,,,"*  In Louisiana, a Congressional primary election is not held. In 2016, the election for candidates seeking Federal office was the General Election held on November 8, 2016, with a Runoff Election held on December 10, 2016, if necessary."
295,LA,Louisiana,S,S6LA00425,,Charles,Marsala,"Marsala, Charles",,R,,,,,"3,684",0.19%,,,,,,"*  In Louisiana, a Congressional primary election is not held. In 2016, the election for candidates seeking Federal office was the General Election held on November 8, 2016, with a Runoff Election held on December 10, 2016, if necessary."
296,LA,Louisiana,S,S6LA00375,,Abhay,Patel,"Patel, Abhay",,R,,,,,"1,576",0.08%,,,,,,"*  In Louisiana, a Congressional primary election is not held. In 2016, the election for candidates seeking Federal office was the General Election held on November 8, 2016, with a Runoff Election held on December 10, 2016, if necessary."
297,LA,Louisiana,S,S6LA00474,,Arden,Wells,"Wells, Arden",,NPA,,,,,"1,483",0.08%,,,,,,"*  In Louisiana, a Congressional primary election is not held. In 2016, the election for candidates seeking Federal office was the General Election held on November 8, 2016, with a Runoff Election held on December 10, 2016, if necessary."
298,LA,Louisiana,S,S0LA00170,,"William Robert ""Bob,"" Jr.",Lang,"Lang, William Robert ""Bob,"" Jr.",,OTH,,,,,"1,424",0.07%,,,,,,"*  In Louisiana, a Congressional primary election is not held. In 2016, the election for candidates seeking Federal office was the General Election held on November 8, 2016, with a Runoff Election held on December 10, 2016, if necessary."
299,LA,Louisiana,S,S6LA00482,,"Gregory, Jr.",Taylor,"Taylor, Gregory, Jr.",,OTH,,,,,"1,151",0.06%,,,,,,"*  In Louisiana, a Congressional primary election is not held. In 2016, the election for candidates seeking Federal office was the General Election held on November 8, 2016, with a Runoff Election held on December 10, 2016, if necessary."
300,LA,Louisiana,S,n/a,,,,,Total State Votes:,,,,,,"1,933,635",,"884,007",,,,,"*  In Louisiana, a Congressional primary election is not held. In 2016, the election for candidates seeking Federal office was the General Election held on November 8, 2016, with a Runoff Election held on December 10, 2016, if necessary."
301,LA,Louisiana,S,n/a,,,,,,,,,,,,,,,,,,
302,,,S,n/a,,,,,,,,,,,,,,,,,,
303,MD,Maryland,S,S6MD03441,,Chris,Van Hollen,"Van Hollen, Chris",,D,"470,320",53.18%,,,"1,659,907",60.89%,,,,,W,
304,MD,Maryland,S,S6MD03458,,Donna F.,Edwards,"Edwards, Donna F.",,D,"343,620",38.86%,,,,,,,,,,
305,MD,Maryland,S,S6MD03540,,"Freddie Donald, Jr.",Dickson,"Dickson, Freddie Donald, Jr.",,D,"14,856",1.68%,,,,,,,,,,
306,MD,Maryland,S,S6MD03334,,Theresa C.,Scaldaferri,"Scaldaferri, Theresa C.",,D,"13,178",1.49%,,,,,,,,,,
307,MD,Maryland,S,S6MD03482,,Violet,Staley,"Staley, Violet",,D,"10,244",1.16%,,,,,,,,,,
308,MD,Maryland,S,S6MD03375,,Lih,Young,"Young, Lih",,D,"8,561",0.97%,,,,,,,,,,
309,MD,Maryland,S,S6MD03359,,Charles U.,Smith,"Smith, Charles U.",,D,"7,912",0.89%,,,,,,,,,,
310,MD,Maryland,S,S2MD00412,,Ralph,Jaffe,"Jaffe, Ralph",,D,"7,161",0.81%,,,,,,,,,,
311,MD,Maryland,S,S2MD00438,,Blaine,Taylor,"Taylor, Blaine",,D,"5,932",0.67%,,,,,,,,,,
312,MD,Maryland,S,S2MD00446,,Ed,Tinus,"Tinus, Ed",,D,"2,560",0.29%,,,,,,,,,,
313,MD,Maryland,S,n/a,,,,,Party Votes:,D,"884,344",,,,,,,,,,,
314,MD,Maryland,S,S6MD03508,,Kathy,Szeliga,"Szeliga, Kathy",,R,"135,337",35.63%,,,"972,557",35.67%,,,,,,
315,MD,Maryland,S,S6MD03557,,Chris,Chaffee,"Chaffee, Chris",,R,"52,066",13.71%,,,,,,,,,,
316,MD,Maryland,S,S6MD03466,,Chrys,Kefalas,"Kefalas, Chrys",,R,"36,340",9.57%,,,,,,,,,,
317,MD,Maryland,S,S2MD00388,,Richard J.,Douglas,"Douglas, Richard J.",,R,"29,007",7.64%,,,,,,,,,,
318,MD,Maryland,S,S6MD03532,,Dave,Wallace,"Wallace, Dave",,R,"23,226",6.11%,,,,,,,,,,
319,MD,Maryland,S,S6MD03565 ,,Sean P.,Connor,"Connor, Sean P.",,R,"21,727",5.72%,,,,,,,,,,
320,MD,Maryland,S,S6MD03599,,Lynn,Richardson,"Richardson, Lynn",,R,"20,972",5.52%,,,,,,,,,,
321,MD,Maryland,S,S6MD03573 ,,John R.,Graziani,"Graziani, John R.",,R,"16,722",4.40%,,,,,,,,,,
322,MD,Maryland,S,S6MD03524,,Greg,Holmes,"Holmes, Greg",,R,"16,148",4.25%,,,,,,,,,,
323,MD,Maryland,S,S6MD03581,,Mark,McNicholas,"McNicholas, Mark",,R,"9,988",2.63%,,,,,,,,,,
324,MD,Maryland,S,S6MD03516,,Joseph David,Hooe,"Hooe, Joseph David",,R,"8,282",2.18%,,,,,,,,,,
325,MD,Maryland,S,S6MD03607,,Anthony,Seda,"Seda, Anthony",,R,"3,873",1.02%,,,,,,,,,,
326,MD,Maryland,S,S6MD03417,,Richard,Shawver,"Shawver, Richard",,R,"3,155",0.83%,,,,,,,,,,
327,MD,Maryland,S,S6MD03615,,Garry Thomas,Yarrington,"Yarrington, Garry Thomas",,R,"2,988",0.79%,,,,,,,,,,
328,MD,Maryland,S,n/a,,,,,Party Votes:,R,"379,831",,,,,,,,,,,
329,MD,Maryland,S,S6MD03474 ,,Margaret ,Flowers,"Flowers, Margaret ",,GRE,*,,,,"89,970",3.30%,,,,,,
330,MD,Maryland,S,n/a,,,Scattered,Scattered,,W,,,,,"3,231",0.12%,,,,,,"*  The Green Party held a party-organized primary on May 1, 2016.  The nominee is noted with an asterisk."
331,MD,Maryland,S,S6MD03623,,Greg,Dorsey,"Dorsey, Greg",,W,,,,,242,0.01%,,,,,,
332,MD,Maryland,S,S2MD00446,,Ed,Tinus,"Tinus, Ed",,W,,,,,138,0.01%,,,,,,
333,MD,Maryland,S,S6MD03375,,Lih,Young,"Young, Lih",,W,,,,,77,0.00%,,,,,,
334,MD,Maryland,S,S6MD03359,,Charles U.,Smith,"Smith, Charles U.",,W,,,,,26,0.00%,,,,,,
335,MD,Maryland,S,S6MD03326,,Bob,Robinson,"Robinson, Bob",,W,,,,,15,0.00%,,,,,,
336,MD,Maryland,S,n/a,,Jeffrey,Binkins,"Binkins, Jeffrey",,W,,,,,7,0.00%,,,,,,
337,MD,Maryland,S,n/a,,,,,Total State Votes:,,"1,264,175",,,,"2,726,170",,,,,,,
338,MD,Maryland,S,n/a,,,,,,,,,,,,,,,,,,
339,,,S,n/a,,,,,,,,,,,,,,,,,,
340,MO,Missouri,S,S0MO00183,(I),Roy ,Blunt,"Blunt, Roy ",,R,"481,444",72.55%,,,"1,378,458",49.18%,,,,,W,
341,MO,Missouri,S,S0MO00290,,Kristi,Nichols,"Nichols, Kristi",,R,"134,025",20.20%,,,,,,,,,,
342,MO,Missouri,S,S6MO00438,,Ryan D.,Luethy,"Luethy, Ryan D.",,R,"29,328",4.42%,,,,,,,,,,
343,MO,Missouri,S,S6MO00420,,Bernie,Mowinski,"Mowinski, Bernie",,R,"18,789",2.83%,,,,,,,,,,
344,MO,Missouri,S,n/a,,,,,Party Votes:,R,"663,586",,,,,,,,,,,
345,MO,Missouri,S,S6MO00362,,Jason,Kander,"Kander, Jason",,D,"223,492",69.87%,,,"1,300,200",46.39%,,,,,,
346,MO,Missouri,S,S6MO00396,,Cori,Bush,"Bush, Cori",,D,"42,453",13.27%,,,,,,,,,,
347,MO,Missouri,S,S6MO00404,,Chief Wana,Dubie,"Dubie, Chief Wana",,D,"30,432",9.51%,,,,,,,,,,
348,MO,Missouri,S,S6MO00412 ,,Robert,Mack,"Mack, Robert",,D,"23,509",7.35%,,,,,,,,,,
349,MO,Missouri,S,n/a,,,,,Party Votes:,D,"319,886",,,,,,,,,,,
350,MO,Missouri,S,S0MO00340,,Jonathan ,Dine,"Dine, Jonathan ",,LIB,"2,002",54.94%,,,"67,738",2.42%,,,,,,
351,MO,Missouri,S,S6MO00446,,Herschel L. ,Young,"Young, Herschel L. ",,LIB,"1,642",45.06%,,,,,,,,,,
352,MO,Missouri,S,n/a,,,,,Party Votes:,LIB,"3,644",,,,,,,,,,,
353,MO,Missouri,S,S6MO00479,,Jonathan ,McFarland,"McFarland, Jonathan ",,GRE,,,,,"30,743",1.10%,,,,,,
354,MO,Missouri,S,S6MO00453,,Fred ,Ryman,"Ryman, Fred ",,CON,545,100.00%,,,"25,407",0.91%,,,,,,
355,MO,Missouri,S,n/a,,,,,Party Votes:,CON,545,,,,,,,,,,,
356,MO,Missouri,S,n/a,,Patrick,Lee,"Lee, Patrick",,W,,,,,53,0.00%,,,,,,
357,MO,Missouri,S,n/a,,Gina,Bufe,"Bufe, Gina",,W,,,,,21,0.00%,,,,,,
358,MO,Missouri,S,n/a,,Nathaniel (Nate),Malone,"Malone, Nathaniel (Nate)",,W,,,,,12,0.00%,,,,,,
359,MO,Missouri,S,n/a,,Jon ,Kelly,"Kelly, Jon ",,W,,,,,4,0.00%,,,,,,
360,MO,Missouri,S,n/a,,Thomas,Morgan,"Morgan, Thomas",,W,,,,,4,0.00%,,,,,,
361,MO,Missouri,S,n/a,,Steven ,Wallace,"Wallace, Steven ",,W,,,,,1,0.00%,,,,,,
362,MO,Missouri,S,n/a,,,,,Total State Votes:,,"987,661",,,,"2,802,641",,,,,,,
363,MO,Missouri,S,n/a,,,,,,,,,,,,,,,,,,
364,,,S,n/a,,,,,,,,,,,,,,,,,,
365,NV,Nevada,S,S6NV00200,,Catherine,Cortez Masto,"Cortez Masto, Catherine",,D,"81,971",80.58%,,,"521,994",47.10%,,,,,W,
366,NV,Nevada,S,S6NV00309,,Allen,Rheinhart,"Rheinhart, Allen",,D,"5,650",5.55%,,,,,,,,,,
367,NV,Nevada,S,n/a,,,None of These Candidates,None of These Candidates,,D,"5,501",5.41%,,,,,,,,,,
368,NV,Nevada,S,S6NV00358,,Liddo Susan,O'Briant,"O'Briant, Liddo Susan",,D,"4,842",4.76%,,,,,,,,,,
369,NV,Nevada,S,S6NV00234,,Bobby,Mahendra,"Mahendra, Bobby",,D,"3,764",3.70%,,,,,,,,,,
370,NV,Nevada,S,n/a,,,,,Party Votes:,D,"101,728",,,,,,,,,,,
371,NV,Nevada,S,S6NV00218,,Joe,Heck,"Heck, Joe",,R,"74,524",64.90%,,,"495,079",44.67%,,,,,,
372,NV,Nevada,S,S0NV00138,,Sharron,Angle,"Angle, Sharron",,R,"26,146",22.77%,,,,,,,,,,
373,NV,Nevada,S,n/a,,,None of These Candidates,None of These Candidates,,R,"3,903",3.40%,,,,,,,,,,
374,NV,Nevada,S,S6NV00275,,"Thomas ""SAD Tom""",Heck,"Heck, Thomas ""SAD Tom""",,R,"3,567",3.11%,,,,,,,,,,
375,NV,Nevada,S,S6NV00168,,Eddie,Hamilton,"Hamilton, Eddie",,R,"2,057",1.79%,,,,,,,,,,
376,NV,Nevada,S,S6NV00267,,D'Nese,Davis,"Davis, D'Nese",,R,"1,938",1.69%,,,,,,,,,,
377,NV,Nevada,S,S6NV00325,,Bill,Tarbell,"Tarbell, Bill",,R,"1,179",1.03%,,,,,,,,,,
378,NV,Nevada,S,S6NV00226,,Robert X.,Leeds,"Leeds, Robert X.",,R,662,0.58%,,,,,,,,,,
379,NV,Nevada,S,S6NV00291,,Juston J.,Preble,"Preble, Juston J.",,R,582,0.51%,,,,,,,,,,
380,NV,Nevada,S,S4NV00197,,"Carlo ""Mazunga""",Poliak,"Poliak, Carlo ""Mazunga""",,R,279,0.24%,,,,,,,,,,
381,NV,Nevada,S,n/a,,,,,Party Votes:,R,"114,837",,,,,,,,,,,
382,NV,Nevada,S,n/a,,,None of These Candidates,None of These Candidates,,W,,,,,"42,257",3.81%,,,,,,
383,NV,Nevada,S,S6NV00242,,Tom,Jones,"Jones, Tom",,IAP,,,,,"17,128",1.55%,,,,,,
384,NV,Nevada,S,S6NV00317,,"Thomas ""Tom""",Sawyer,"Sawyer, Thomas ""Tom""",,NPY,,,,,"14,208",1.28%,,,,,,
385,NV,Nevada,S,S6NV00259,,Tony,Gumina,"Gumina, Tony",,NPY,,,,,"10,740",0.97%,,,,,,
386,NV,Nevada,S,S6NV00341,,Jarrod M.,Williams,"Williams, Jarrod M.",,NPY,,,,,"6,888",0.62%,,,,,,
387,NV,Nevada,S,n/a,,,,,Total State Votes:,,"216,565",,,,"1,108,294",,,,,,,
388,NV,Nevada,S,n/a,,,,,,,,,,,,,,,,,,
389,NV,Nevada,S,n/a,,,,,,,,,,,,,,,,,,
390,,,S,n/a,,,,,,,,,,,,,,,,,,
391,NH,New Hampshire,S,S6NH00091,,Maggie,Hassan,"Hassan, Maggie",,D,"70,374",98.16%,,,"354,649",47.98%,,,,,W,
392,NH,New Hampshire,S,S0NH00235,,Kelly,Ayotte,"Ayotte, Kelly",,W(D),775,1.08%,,,,,,,,,,
393,NH,New Hampshire,S,n/a,,,Scattered,Scattered,,W(D),470,0.66%,,,,,,,,,,
394,NH,New Hampshire,S,S4NH00112,,Jim,Rubens,"Rubens, Jim",,W(D),67,0.09%,,,,,,,,,,
395,NH,New Hampshire,S,S0NH00284,,Gerard,Beloin,"Beloin, Gerard",,W(D),5,0.01%,,,,,,,,,,
396,NH,New Hampshire,S,S4NH00062,,Tom,Alciere,"Alciere, Tom",,W(D),3,0.00%,,,,,,,,,,
397,NH,New Hampshire,S,S6NH00109,,Stanley Michael,Emanuel,"Emanuel, Stanley Michael",,W(D),2,0.00%,,,,,,,,,,
398,NH,New Hampshire,S,n/a,,,,,Party Votes:,D,"71,696",,,,,,,,,,,
399,NH,New Hampshire,S,S0NH00235,(I),Kelly,Ayotte,"Ayotte, Kelly",,R,"86,676",78.56%,,,"353,632",47.84%,,,,,,
400,NH,New Hampshire,S,S4NH00112,,Jim,Rubens,"Rubens, Jim",,R,"19,156",17.36%,,,,,,,,,,
401,NH,New Hampshire,S,S0NH00235,,Kelly,Ayotte,"Alciere, Tom",,R,"1,586",1.44%,,,,,,,,,,
402,NH,New Hampshire,S,S0NH00284,,Gerard,Beloin,"Beloin, Gerard",,R,"1,255",1.14%,,,,,,,,,,
403,NH,New Hampshire,S,S6NH00109,,Stanley Michael,Emanuel,"Emanuel, Stanley Michael",,R,"1,187",1.08%,,,,,,,,,,
404,NH,New Hampshire,S,S6NH00091,,Maggie,Hassan,"Hassan, Maggie",,W(R),301,0.27%,,,,,,,,,,
405,NH,New Hampshire,S,n/a,,,Scattered,Scattered,,W(R),167,0.15%,,,,,,,,,,
406,NH,New Hampshire,S,n/a,,,,,Party Votes:,R,"110,328",,,,,,,,,,,
407,NH,New Hampshire,S,S6NH00125,,Aaron,Day,"Day, Aaron",,IND,,,,,"17,742",2.40%,,,,,,
408,NH,New Hampshire,S,S6NH00117,,Brian,Chabot,"Chabot, Brian",,LIB,,,,,"12,597",1.70%,,,,,,
409,NH,New Hampshire,S,n/a,,,Scattered,Scattered,,W,,,,,520,0.07%,,,,,,
410,NH,New Hampshire,S,n/a,,,,,Total State Votes:,,"182,024",,,,"739,140",,,,,,,
411,NH,New Hampshire,S,n/a,,,,,,,,,,,,,,,,,,
412,,,S,n/a,,,,,,,,,,,,,,,,,,
413,NY,New York,S,S8NY00082,(I),Charles E.,Schumer,"Schumer, Charles E.",,D,Unopposed,,,,"4,784,218",64.68%,,,"5,221,945",70.60%,W,
414,NY,New York,S,S8NY00082,(I),Charles E.,Schumer,"Schumer, Charles E.",,IDP,Unopposed,,,,"150,654",2.04%,,,"5,221,945",70.60%,W,
415,NY,New York,S,S8NY00082,(I),Charles E.,Schumer,"Schumer, Charles E.",,WEP,Unopposed,,,,"45,401",0.61%,,,"5,221,945",70.60%,W,
416,NY,New York,S,S8NY00082,(I),Charles E.,Schumer,"Schumer, Charles E.",,WF,Unopposed,,,,"241,672",3.27%,,,"5,221,945",70.60%,W,
417,NY,New York,S,S2NY00259,,Wendy,Long,"Long, Wendy",,R,Unopposed,,,,"1,723,920",23.31%,,,"2,009,355",27.17%,,
418,NY,New York,S,S2NY00259,,Wendy,Long,"Long, Wendy",,CRV,Unopposed,,,,"267,622",3.62%,,,"2,009,355",27.17%,,
419,NY,New York,S,S2NY00259,,Wendy,Long,"Long, Wendy",,REF,Unopposed,,,,"17,813",0.24%,,,"2,009,355",27.17%,,
420,NY,New York,S,S6NY00425,,Robin Laverne,Wilson,"Wilson, Robin Laverne",,GRE,Unopposed,,,,"113,413",1.53%,,,,,,
421,NY,New York,S,S6NY00433,,Alex,Merced,"Merced, Alex",,LIB,,,,,"48,120",0.65%,,,,,,
422,NY,New York,S,n/a,,,Scattered,Scattered,,W,,,,,"3,472",0.05%,,,,,,
423,NY,New York,S,n/a,,,,,Total State Votes:,,,,,,"7,396,305",,,,,,,
424,NY,New York,S,n/a,,,,,,,,,,,,,,,,,,
425,,,S,n/a,,,,,,,,,,,,,,,,,,
426,NC,North Carolina,S,S4NC00089,(I),Richard,Burr,"Burr, Richard",,R,"627,263",61.38%,,,"2,395,376",51.06%,,,,,W,
427,NC,North Carolina,S,S4NC00147,,Greg,Brannon,"Brannon, Greg",,R,"257,296",25.18%,,,,,,,,,,
428,NC,North Carolina,S,S6NC00316,,Paul,Wright,"Wright, Paul",,R,"86,933",8.51%,,,,,,,,,,
429,NC,North Carolina,S,S6NC00308,,Larry,Holmquist,"Holmquist, Larry",,R,"50,500",4.94%,,,,,,,,,,
430,NC,North Carolina,S,n/a,,,,,Party Votes:,R,"1,021,992",,,,,,,,,,,
431,NC,North Carolina,S,S6NC00266,,Deborah K.,Ross,"Ross, Deborah K.",,D,"614,414",62.32%,,,"2,128,165",45.37%,,,,,,
432,NC,North Carolina,S,S6NC00282,,Chris,Rey,"Rey, Chris",,D,"162,869",16.52%,,,,,,,,,,
433,NC,North Carolina,S,S6NC00274,,Kevin D.,Griffin,"Griffin, Kevin D.",,D,"115,618",11.73%,,,,,,,,,,
434,NC,North Carolina,S,S4NC00238,,Ernest T.,Reeves,"Reeves, Ernest T.",,D,"93,005",9.43%,,,,,,,,,,
435,NC,North Carolina,S,n/a,,,,,Party Votes:,D,"985,906",,,,,,,,,,,
436,NC,North Carolina,S,S2NC00257,,Sean,Haugh,"Haugh, Sean",,LIB,Unopposed,,,,"167,592",3.57%,,,,,,
437,NC,North Carolina,S,n/a,,,,,Total State Votes:,,"2,007,898",,,,"4,691,133",,,,,,,
438,NC,North Carolina,S,n/a,,,,,,,,,,,,,,,,,,
439,,,S,n/a,,,,,,,,,,,,,,,,,,
440,ND,North Dakota,S,S0ND00093,(I),John,Hoeven,"Hoeven, John",,R,"103,677",99.57%,,,"268,788",78.48%,,,,,W,
441,ND,North Dakota,S,n/a,,,Scattered,Scattered,,W(R),445,0.43%,,,,,,,,,,
442,ND,North Dakota,S,n/a,,,,,Party Votes:,R,"104,122",,,,,,,,,,,
443,ND,North Dakota,S,S6ND00108,,Eliot,Glassheim,"Glassheim, Eliot",,DNL,"17,243",99.72%,,,"58,116",16.97%,,,,,,
444,ND,North Dakota,S,H4NC11086,,Tom,Hill,"Hill, Tom",,D,,,,,,,,,,,,
445,ND,North Dakota,S,n/a,,,Scattered,Scattered,,W(DNL),48,0.28%,,,,,,,,,,
446,ND,North Dakota,S,n/a,,,,,Party Votes:,DNL,"17,291",,,,,,,,,,,
447,ND,North Dakota,S,S6ND00116,,Robert N.,Marquette,"Marquette, Robert N.",,LIB,"1,089",99.54%,,,"10,556",3.08%,,,,,,
448,ND,North Dakota,S,n/a,,,Scattered,Scattered,,W(LIB),5,0.46%,,,,,,,,,,
449,ND,North Dakota,S,n/a,,,,,Party Votes:,LIB,"1,094",,,,,,,,,,,
450,ND,North Dakota,S,S6ND00082,,James,Germalic,"Germalic, James",,IND,,,,,"4,675",1.36%,,,,,,
451,ND,North Dakota,S,n/a,,,Scattered,Scattered,,W,,,,,366,0.11%,,,,,,
452,ND,North Dakota,S,n/a,,,,,,,,,,,,,,,,,,
453,ND,North Dakota,S,n/a,,,,,Total State Votes:,,"122,507",,,,"342,501",,,,,,,
454,,,S,n/a,,,,,,,,,,,,,,,,,,
455,OH,Ohio,S,S0OH00133,(I),Rob,Portman,"Portman, Rob",,R,"1,336,686",,,,"3,118,567",58.03%,,,,,W,
456,OH,Ohio,S,S6OH00288,,Don Elijah,Eckhart,"Eckhart, Don Elijah",,R,"290,268",,,,,,,,,,,
457,OH,Ohio,S,n/a,,,,,Party Votes:,R,"1,626,954",,,,,,,,,,,
458,OH,Ohio,S,S6OH00254,,Ted,Strickland,"Strickland, Ted",,D,"742,676",,,,"1,996,908",37.16%,,,,,,
459,OH,Ohio,S,S6OH00247,,P.G.,Sittenfeld,"Sittenfeld, P.G.",,D,"254,232",,,,,,,,,,,
460,OH,Ohio,S,S6OH00270,,Kelli,Prather,"Prather, Kelli",,D,"144,945",,,,,,,,,,,
461,OH,Ohio,S,n/a,,,,,Party Votes:,D,"1,141,853",,,,,,,,,,,
462,OH,Ohio,S,S6OH00262,,Tom,Connors,"Connors, Tom",,N,,,,,"93,041",1.73%,,,,,,
463,OH,Ohio,S,S2OH00238,,Joseph R.,DeMare,"DeMare, Joseph R.",,GRE,"3,123",,,,"88,246",1.64%,,,,,,
464,OH,Ohio,S,n/a,,,,,Party Votes:,GRE,"3,123",,,,,,,,,,,
465,OH,Ohio,S,S2OH0020,,Scott,Rupert,"Rupert, Scott",,N,,,,,"77,291",1.44%,,,,,,
466,OH,Ohio,S,S6OH00296,,James,Stahl,"Stahl, James",,W,,,,,111,0.00%,,,,,,
467,OH,Ohio,S,n/a,,,,,Total State Votes:,,"2,771,930",,,,"5,374,164",,,,,,,
468,OH,Ohio,S,n/a,,,,,,,,,,,,,,,,,,
469,,,S,n/a,,,,,,,,,,,,,,,,,,
470,OK,Oklahoma,S,S4OK00232,(I),James,Lankford,"Lankford, James",,R,Unopposed,,,,"980,892",67.74%,,,,,W,
471,OK,Oklahoma,S,S6OK04114,,Mike ,Workman,"Workman, Mike ",,D,Unopposed,,,,"355,911",24.58%,,,,,,
472,OK,Oklahoma,S,S6OK04098,,Robert T.,Murphy,"Murphy, Robert T.",,LIB,"1,539",58.83%,,,"43,421",3.00%,,,,,,
473,OK,Oklahoma,S,S6OK04122,,Dax,Ewbank,"Ewbank, Dax",,LIB,"1,077",41.17%,,,,,,,,,,
474,OK,Oklahoma,S,n/a,,,,,Party Votes:,LIB,"2,616",,,,,,,,,,,
475,OK,Oklahoma,S,S6OK04130,,Sean ,Braddy,"Braddy, Sean ",,IND,,,,,"40,405",2.79%,,,,,,
476,OK,Oklahoma,S,S4OK00372,,Mark T.,Beard,"Beard, Mark T.",,IND,,,,,"27,418",1.89%,,,,,,
477,OK,Oklahoma,S,n/a,,,,,Total State Votes:,,"2,616",,,,"1,448,047",,,,,,,
478,OK,Oklahoma,S,n/a,,,,,,,,,,,,,,,,,,
479,,,S,n/a,,,,,,,,,,,,,,,,,,
480,OR,Oregon,S,S6OR00110,(I),Ron,Wyden,"Wyden, Ron",,D,"501,903",83.20%,,,"1,105,119",56.60%,,,,,W,
481,OR,Oregon,S,S6OR05085,,Kevin H.,Stine,"Stine, Kevin H.",,D,"78,287",12.98%,,,,,,,,,,
482,OR,Oregon,S,S6OR05101,,Paul B.,Weaver,"Weaver, Paul B.",,D,"20,346",3.37%,,,,,,,,,,
483,OR,Oregon,S,n/a,,,Scattered,Scattered,,W(D),"2,740",0.45%,,,,,,,,,,
484,OR,Oregon,S,n/a,,,,,Party Votes:,D,"603,276",,,,,,,,,,,
485,OR,Oregon,S,S4OR00172,,Mark,Callahan,"Callahan, Mark",,R,"123,473",38.24%,,,"651,106",33.35%,,,,,,
486,OR,Oregon,S,S0OR00238,,Sam,Carpenter,"Carpenter, Sam",,R,"104,494",32.36%,,,,,,,,,,
487,OR,Oregon,S,S6OR05093,,Faye,Stewart,"Stewart, Faye",,R,"57,399",17.78%,,,,,,,,,,
488,OR,Oregon,S,S6OR05119,,Dan,Laschober,"Laschober, Dan",,R,"34,157",10.58%,,,,,,,,,,
489,OR,Oregon,S,n/a,,,Scattered,Scattered,,W(R),"3,357",1.04%,,,,,,,,,,
490,OR,Oregon,S,n/a,,,,,Party Votes:,R,"322,880",,,,,,,,,,,
491,OR,Oregon,S,S6OR05127,,Steven C.,Reynolds,"Reynolds, Steven C.",,IP,"10,497",40.80%,,,"59,516",3.05%,,,,,,
492,OR,Oregon,S,n/a,,,Scattered,Scattered,,W(IP),"10,496",40.80%,,,,,,,,,,
493,OR,Oregon,S,S6OR05135,,Marvin,Sandnes,"Sandnes, Marvin",,IP,"4,733",18.40%,,,,,,,,,,
494,OR,Oregon,S,n/a,,,,,Party Votes:,IP,"25,726",,,,,,,,,,,
495,OR,Oregon,S,S6OR05168,,Shanti S.,Lewallen,"Lewallen, Shanti S.",,WF,,,,,"61,915",3.17%,,,,,,
496,OR,Oregon,S,S6OR05150,,Eric,Navickas,"Navickas, Eric",,PG/PRO,*,,,,"48,823",2.50%,,,,,,"*  The Libertarian Party nominated by convention on May 27, 2016, and the Pacific Green Party nominated by convention on May 21, 2016.  Convention nominees are noted with an asterisk."
497,OR,Oregon,S,S6OR05176,,Jim,Lindsay,"Lindsay, Jim",,LIB,*,,,,"23,941",1.23%,,,,,,"*  The Libertarian Party nominated by convention on May 27, 2016, and the Pacific Green Party nominated by convention on May 21, 2016.  Convention nominees are noted with an asterisk."
498,OR,Oregon,S,n/a,,,Scattered,Scattered,,W ,,,,,"2,058",0.11%,,,,,,
499,OR,Oregon,S,n/a,,,,,Total State Votes:,,"951,882",,,,"1,952,478",,,,,,,
500,OR,Oregon,S,n/a,,,,,,,,,,,,,,,,,,
501,,,S,n/a,,,,,,,,,,,,,,,,,,
502,PA,Pennsylvania,S,S4PA00121 ,(I),Pat,Toomey,"Toomey, Pat",,R,"1,342,941",99.05%,,,"2,951,702",48.72%,,,,,W,
503,PA,Pennsylvania,S,n/a,,,Scattered,Scattered,,W(R),"12,833",0.95%,,,,,,,,,,
504,PA,Pennsylvania,S,n/a,,,,,Party Votes:,R,"1,355,774",,,,,,,,,,,
505,PA,Pennsylvania,S,S6PA00266 ,,Katie,McGinty,"McGinty, Katie",,D,"669,774",42.38%,,,"2,865,012",47.29%,,,,,,
506,PA,Pennsylvania,S,S0PA00434 ,,Joe,Sestak,"Sestak, Joe",,D,"513,221",32.47%,,,,,,,,,,
507,PA,Pennsylvania,S,S6PA00274 ,,John,Fetterman,"Fetterman, John",,D,"307,090",19.43%,,,,,,,,,,
508,PA,Pennsylvania,S,S4PA00196,,Joseph J.,Vodvarka,"Vodvarka, Joseph J.",,D,"85,837",5.43%,,,,,,,,,,
509,PA,Pennsylvania,S,n/a,,,Scattered,Scattered,,W(D),"4,448",,,,,,,,,,,
510,PA,Pennsylvania,S,n/a,,,,,Party Votes:,D,"1,580,370",,,,,,,,,,,
511,PA,Pennsylvania,S,S6PA00316,,"Edward T., III",Clifford,"Clifford, Edward T., III",,LIB,,,,,"235,142",3.88%,,,,,,
512,PA,Pennsylvania,S,n/a,,,Scattered,Scattered,,W,,,,,"6,655",0.11%,,,,,,
513,PA,Pennsylvania,S,n/a,,,,,Total State Votes:,,"2,936,144",,,,"6,058,511",,,,,,,
514,PA,Pennsylvania,S,n/a,,,,,,,,,,,,,,,,,,
515,,,S,n/a,,,,,,,,,,,,,,,,,,
516,SC,South Carolina,S,S4SC00240,(I),Tim,Scott,"Scott, Tim",,R,Unopposed,,,,"1,241,609",60.57%,,,,,W,
517,SC,South Carolina,S,S6SC04148,,Thomas,Dixon,"Dixon, Thomas",,D,Unopposed,,,,"704,540",34.37%,,,"757,022",36.93%,,
518,SC,South Carolina,S,S6SC04148,,Thomas,Dixon,"Dixon, Thomas",,WF,*,,,,"37,610",1.83%,,,"757,022",36.93%,,"The Green Party nominated by convention on April 30, 2016, the Libertarian Party nominated by convention on May 7, 2016, the American and Constitution Parties nominated by convention on May 14, 2016, and the Working Families Party nominated by convention on August 12, 2016.  Convention nominees are noted with an asterisk."
519,SC,South Carolina,S,S6SC04148,,Thomas,Dixon,"Dixon, Thomas",,GRE,*,,,,"14,872",0.73%,,,"757,022",36.93%,,"The Green Party nominated by convention on April 30, 2016, the Libertarian Party nominated by convention on May 7, 2016, the American and Constitution Parties nominated by convention on May 14, 2016, and the Working Families Party nominated by convention on August 12, 2016.  Convention nominees are noted with an asterisk."
520,SC,South Carolina,S,S6SC04155,,Bill,Bledsoe,"Bledsoe, Bill",,LIB,*,,,,"24,830",1.21%,,,"37,482",1.83%,,"The Green Party nominated by convention on April 30, 2016, the Libertarian Party nominated by convention on May 7, 2016, the American and Constitution Parties nominated by convention on May 14, 2016, and the Working Families Party nominated by convention on August 12, 2016.  Convention nominees are noted with an asterisk."
521,SC,South Carolina,S,S6SC04155,,Bill,Bledsoe,"Bledsoe, Bill",,CON,*,,,,"12,652",0.62%,,,"37,482",1.83%,,"The Green Party nominated by convention on April 30, 2016, the Libertarian Party nominated by convention on May 7, 2016, the American and Constitution Parties nominated by convention on May 14, 2016, and the Working Families Party nominated by convention on August 12, 2016.  Convention nominees are noted with an asterisk."
522,SC,South Carolina,S,S6SC04171,,Rebel Michael,Scarborough,"Scarborough, Rebel Michael",,AM,*,,,,"11,923",0.58%,,,,,,"The Green Party nominated by convention on April 30, 2016, the Libertarian Party nominated by convention on May 7, 2016, the American and Constitution Parties nominated by convention on May 14, 2016, and the Working Families Party nominated by convention on August 12, 2016.  Convention nominees are noted with an asterisk."
523,SC,South Carolina,S,S6SC04163,,Jim,Hinkle,"Hinkle, Jim",,AM,,,,,,,,,,,,"The Green Party nominated by convention on April 30, 2016, the Libertarian Party nominated by convention on May 7, 2016, the American and Constitution Parties nominated by convention on May 14, 2016, and the Working Families Party nominated by convention on August 12, 2016.  Convention nominees are noted with an asterisk."
524,SC,South Carolina,S,n/a,,,Scattered,Scattered,,W,,,,,"1,857",0.09%,,,,,,
525,SC,South Carolina,S,n/a,,,,,Total State Votes:,,,,,,"2,049,893",,,,,,,
526,SC,South Carolina,S,n/a,,,,,,,,,,,,,,,,,,
527,,,S,n/a,,,,,,,,,,,,,,,,,,
528,SD,South Dakota,S,S2SD00068,(I),John R.,Thune,"Thune, John R.",,R,Unopposed,,,,"265,516",71.83%,,,,,W,
529,SD,South Dakota,S,S6SD01091,,Jay,Williams,"Williams, Jay",,D,Unopposed,,,,"104,140",28.17%,,,,,,
530,SD,South Dakota,S,n/a,,,,,Total State Votes:,,,,,,"369,656",,,,,,,
531,SD,South Dakota,S,n/a,,,,,,,,,,,,,,,,,,
532,,,S,n/a,,,,,,,,,,,,,,,,,,
533,UT,Utah,S,S0UT00165 ,(I),Mike,Lee,"Lee, Mike",,R,*,,,,"760,241",68.15%,,,,,W,"*  Conventions are held by the political parties prior to the primary election.  If one candidate achieves the required convention vote (in accordance with party rules) and there are no candidates that qualified for a primary election by gathering petition signatures, then the candidate is the nominee and the primary election is not held.  If a convention candidate does not achieve the required convention vote, then the top two convention vote-getters will participate in the primary election, along with any candidates that qualified by the signature-gathering method.  For the Democratic and Republican parties, the required convention vote for nomination was 60%.  The Constitution Party convention was held on April 9, 2016; the Democratic, Republican, Independent American and Libertarian conventions were held on April 23, 2016.  Convention nominees are noted with an asterisk."
534,UT,Utah,S,S6UT00246,,Misty K.,Snow,"Snow, Misty K.",,D,"28,928",59.40%,,,"301,860",27.06%,,,,,,"*  Conventions are held by the political parties prior to the primary election.  If one candidate achieves the required convention vote (in accordance with party rules) and there are no candidates that qualified for a primary election by gathering petition signatures, then the candidate is the nominee and the primary election is not held.  If a convention candidate does not achieve the required convention vote, then the top two convention vote-getters will participate in the primary election, along with any candidates that qualified by the signature-gathering method.  For the Democratic and Republican parties, the required convention vote for nomination was 60%.  The Constitution Party convention was held on April 9, 2016; the Democratic, Republican, Independent American and Libertarian conventions were held on April 23, 2016.  Convention nominees are noted with an asterisk."
535,UT,Utah,S,S6UT00238,,Jonathan,Swinton,"Swinton, Jonathan",,D,"19,774",40.60%,,,,,,,,,,"*  Conventions are held by the political parties prior to the primary election.  If one candidate achieves the required convention vote (in accordance with party rules) and there are no candidates that qualified for a primary election by gathering petition signatures, then the candidate is the nominee and the primary election is not held.  If a convention candidate does not achieve the required convention vote, then the top two convention vote-getters will participate in the primary election, along with any candidates that qualified by the signature-gathering method.  For the Democratic and Republican parties, the required convention vote for nomination was 60%.  The Constitution Party convention was held on April 9, 2016; the Democratic, Republican, Independent American and Libertarian conventions were held on April 23, 2016.  Convention nominees are noted with an asterisk."
536,UT,Utah,S,S6UT00279,,Jade Tuan,Quoc Vo,"Quoc Vo, Jade Tuan",,D,,,,,,,,,,,,"*  Conventions are held by the political parties prior to the primary election.  If one candidate achieves the required convention vote (in accordance with party rules) and there are no candidates that qualified for a primary election by gathering petition signatures, then the candidate is the nominee and the primary election is not held.  If a convention candidate does not achieve the required convention vote, then the top two convention vote-getters will participate in the primary election, along with any candidates that qualified by the signature-gathering method.  For the Democratic and Republican parties, the required convention vote for nomination was 60%.  The Constitution Party convention was held on April 9, 2016; the Democratic, Republican, Independent American and Libertarian conventions were held on April 23, 2016.  Convention nominees are noted with an asterisk."
537,,,S,n/a,,,,,Party Votes:,D,"48,702",,,,,,,,,,,
538,UT,Utah,S,S6UT00261,,Stoney,Fonua,"Fonua, Stoney",,IAP,*,,,,"27,340",2.45%,,,,,,"*  Conventions are held by the political parties prior to the primary election.  If one candidate achieves the required convention vote (in accordance with party rules) and there are no candidates that qualified for a primary election by gathering petition signatures, then the candidate is the nominee and the primary election is not held.  If a convention candidate does not achieve the required convention vote, then the top two convention vote-getters will participate in the primary election, along with any candidates that qualified by the signature-gathering method.  For the Democratic and Republican parties, the required convention vote for nomination was 60%.  The Constitution Party convention was held on April 9, 2016; the Democratic, Republican, Independent American and Libertarian conventions were held on April 23, 2016.  Convention nominees are noted with an asterisk."
539,UT,Utah,S,S2UT00187,,Bill,Barron,"Barron, Bill",,UN,,,,,"26,167",2.35%,,,,,,
540,UT,Utah,S,n/a,,,,,Total State Votes:,,"48,702",,,,"1,115,608",,,,,,,
541,UT,Utah,S,n/a,,,,,,,,,,,,,,,,,,
542,,,S,n/a,,,,,,,,,,,,,,,,,,
543,VT,Vermont,S,S4VT00017,(I),Patrick,Leahy,"Leahy, Patrick",,D,"62,249",88.59%,,,"192,243",61.26%,,,,,W,
544,VT,Vermont,S,S4VT00132,,Cris,Ericson,"Ericson, Cris",,D,"7,596",10.81%,,,,,,,,,,
545,VT,Vermont,S,n/a,,,Scattered,Scattered,,W(D),424,0.60%,,,,,,,,,,
546,VT,Vermont,S,n/a,,,,,Party Votes:,D,"70,269",,,,,,,,,,,
547,VT,Vermont,S,S6VT00160,,Scott,Milne,"Milne, Scott",,R,"37,782",96.86%,,,"103,637",33.03%,,,,,,
548,VT,Vermont,S,n/a,,,Scattered,Scattered,,W(R),"1,223",3.14%,,,,,,,,,,
549,VT,Vermont,S,n/a,,,,,Party Votes:,R,"39,005",,,,,,,,,,,
550,VT,Vermont,S,S4VT00132,,Cris,Ericson,"Ericson, Cris",,USM,,,,,"9,156",2.92%,,,,,,
551,VT,Vermont,S,S6VT00178,,Jerry,Trudell,"Trudell, Jerry",,IND,,,,,"5,223",1.66%,,,,,,
552,VT,Vermont,S,S6VT00152,,Pete ,Diamondstone,"Diamondstone, Pete ",,LBU,,,,,"3,241",1.03%,,,,,,
553,VT,Vermont,S,n/a,,,Scattered,Scattered,,W,,,,,168,0.05%,,,,,,
554,VT,Vermont,S,S4VT00033,,Bernie,Sanders,"Sanders, Bernie",,W,,,,,86,0.03%,,,,,,
555,VT,Vermont,S,n/a,,,No Name,No Name,,W,,,,,25,0.01%,,,,,,
556,VT,Vermont,S,n/a,,Rosanne,Greco,"Greco, Rosanne",,W,,,,,14,0.00%,,,,,,
557,VT,Vermont,S,n/a,,Jim,Douglas,"Douglas, Jim",,W,,,,,9,0.00%,,,,,,
558,VT,Vermont,S,n/a,,Peter,Welch,"Welch, Peter",,W,,,,,7,0.00%,,,,,,
559,VT,Vermont,S,n/a,,,Scattered,Scattered,,W(PRO),245,100.00%,,,,,,,,,,
560,VT,Vermont,S,n/a,,,,,Party Votes:,PRO,245,,,,,,,,,,,
561,VT,Vermont,S,n/a,,,,,Total State Votes:,,"109,519",,,,"313,809",,,,,,,
562,VT,Vermont,S,n/a,,,,,,,,,,,,,,,,,,
563,,,S,n/a,,,,,,,,,,,,,,,,,,
564,WA,Washington,S,S2WA00189,(I),Patty ,Murray,"Murray, Patty ",,D,"745,421",53.82%,,,"1,913,979",59.01%,,,,,W,
565,WA,Washington,S,S6WA00321,,Chris ,Vance,"Vance, Chris ",,R,"381,004",27.51%,,,"1,329,338",40.99%,,,,,,
566,WA,Washington,S,S6WA00388 ,,Eric John,Makus,"Makus, Eric John",,R,"57,825",4.18%,,,,,,,,,,
567,WA,Washington,S,S6WA00354,,Philip L.,Cornell,"Cornell, Philip L.",,D,"46,460",3.35%,,,,,,,,,,
568,WA,Washington,S,S6WA00370,,Scott,Nazarino,"Nazarino, Scott",,R,"41,542",3.00%,,,,,,,,,,
569,WA,Washington,S,S6WA00446,,Mike,Luke,"Luke, Mike",,LIB,"20,988",1.52%,,,,,,,,,,
570,WA,Washington,S,S4WA00474,,Mohammad,Said,"Said, Mohammad",,D,"13,362",0.96%,,,,,,,,,,
571,WA,Washington,S,S6WA00396,,Donna Rae,Lands,"Lands, Donna Rae",,CRV,"11,472",0.83%,,,,,,,,,,
572,WA,Washington,S,S4WA00524 ,,Ted,Cummings,"Cummings, Ted",,IP,"11,028",0.80%,,,,,,,,,,
573,WA,Washington,S,S6WA00404,,Sam,Wright,"Wright, Sam",,HRP,"10,751",0.78%,,,,,,,,,,
574,WA,Washington,S,S6WA00347,,Uncle,Mover,"Mover, Uncle",,R,"8,569",0.62%,,,,,,,,,,
575,WA,Washington,S,S6WA00453,,Jeremy,Teuton,"Teuton, Jeremy",,SRP,"7,991",0.58%,,,,,,,,,,
576,WA,Washington,S,S8WA00137 ,,Thor,Amundson,"Amundson, Thor",,D,"7,906",0.57%,,,,,,,,,,
577,WA,Washington,S,S6WA00420,,Chuck,Jackson,"Jackson, Chuck",,IP,"6,318",0.46%,,,,,,,,,,
578,WA,Washington,S,S6WA00438 ,,Dr. Pano,Churchill,"Churchill, Dr. Pano",,LCP,"5,150",0.37%,,,,,,,,,,
579,WA,Washington,S,S6WA00412,,Zach,Haller,"Haller, Zach",,IP,"5,092",0.37%,,,,,,,,,,
580,WA,Washington,S,S6WA00339 ,,Alex,Tsimerman,"Tsimerman, Alex",,SUA,"4,117",0.30%,,,,,,,,,,
581,WA,Washington,S,n/a,,,,,Total State Votes:,,"1,384,996",,,,"3,243,317",,,,,,,
582,WA,Washington,S,n/a,,,,,,,,,,,,,,,,,,
583,,,S,n/a,,,,,,,,,,,,,,,,,,
584,WI,Wisconsin,S,S0WI00197,(I),Ron ,Johnson,"Johnson, Ron ",,R,"248,754",99.51%,,,"1,479,471",50.17%,,,,,W,
585,WI,Wisconsin,S,n/a,,,Scattered,Scattered,,W(R),"1,225",0.49%,,,,,,,,,,
586,WI,Wisconsin,S,n/a,,,,,Party Votes:,R,"249,979",,,,,,,,,,,
587,WI,Wisconsin,S,S8WI00026,,Russ,Feingold,"Feingold, Russ",,D,"303,791",90.13%,,,"1,380,335",46.81%,,,,,,
588,WI,Wisconsin,S,S6WI00160,,Scott,Harbach,"Harbach, Scott",,D,"33,096",9.82%,,,,,,,,,,
589,WI,Wisconsin,S,n/a,,,Scattered,Scattered,,W(D),189,0.06%,,,,,,,,,,
590,WI,Wisconsin,S,n/a,,,,,Party Votes:,D,"337,076",,,,,,,,,,,
591,WI,Wisconsin,S,S6WI00152,,Phillip N.,Anderson,"Anderson, Phillip N.",,LIB,"1,625",98.96%,,,"87,531",2.97%,,,,,,
592,WI,Wisconsin,S,n/a,,,Scattered,Scattered,,W(LIB),17,1.04%,,,,,,,,,,
593,WI,Wisconsin,S,n/a,,,,,Party Votes:,LIB,"1,642",,,,,,,,,,,
594,WI,Wisconsin,S,n/a,,,Scattered,Scattered,,W,,,,,"1,396",0.05%,,,,,,
595,WI,Wisconsin,S,n/a,,,Scattered,Scattered,,W(CON),51,100.00%,,,,,,,,,,
596,WI,Wisconsin,S,n/a,,,,,Party Votes:,CON,51,,,,,,,,,,,
597,WI,Wisconsin,S,n/a,,,Scattered,Scattered,,W(WG),114,100.00%,,,,,,,,,,
598,WI,Wisconsin,S,n/a,,,,,Party Votes:,WG,114,,,,,,,,,,,
599,WI,Wisconsin,S,S2WI00193,,John,Schiess,"Schiess, John",,W,,,,,8,0.00%,,,,,,
600,WI,Wisconsin,S,n/a,,,,,Total State Votes:,,"588,862",,,,"2,948,741",,,,,,,
601,WI,Wisconsin,S,n/a,,,,,,,,,,,,,,,,,,